NAME,NEW_Score
HRE1_ERF73_161-200,213125.195
RAP2.2_291-330,209083.1466
RAP2.2_311-350,204270.926
LFY_71-110,203216.7054
GCN4ALT,201229.2203
PPARFD2_311-350,191563.5661
RAP2.2_331-370,186157.0008
HRE1_ERF73_171-210,185379.2031
SHR_11-50,176784.5422
HRE2_ERF71_121-160,176771.9834
HRE1_ERF73_141-180,170016.547
PPARFB3_321-360,169154.849
ZMARF27_11-50,168208.8813
GCN4_CAAD40,167260.6241
PPARFD2_321-360,165149.5404
ZMARF29_311-350,164530.6636
RAP2.3_201-240,159732.8154
GAL4_AD1,159486.5671
ZMARF4_251-290,159082.0341
ZMARF1_501-540,156792.8248
ZMARF29_241-280,156507.8865
VP16N,155717.6923
ZMARF4_241-280,153748.9425
RAP2.12_291-330,153139.5762
RAP2.12_31-70,150585.0295
HRE1_ERF73_151-190,150040.3038
ARF5_251-290,149603.4092
ARF5_231-270,148172.9306
RAP2.12_281-320,147786.6547
ZMARF29_301-340,145165.3432
RAP2.3_171-210,143804.3674
ARF5_191-230,143633.1251
PPARFB1_131-170,142638.2814
ZMARF4_231-270,142565.9891
ZMARF29_291-330,141666.2879
SCR_111-150,139900.2575
ZMARF29_271-310,139889.2967
ZMARF35_91-130,139244.9956
ARF6_11-50,138755.1063
ZMARF10_171-210,137545.153
SHR_41-80,135975.3713
ZMARF29_261-300,135744.919
HRE1_ERF73_211-250,134375.3132
RAP2.3_1-40,133955.0829
ZMARF22_41-80,133577.4075
ARF8_271-310,131552.0665
ARF7_11-50,130986.6702
SHR_111-145,130934.5184
HRE2_ERF71_111-150,129897.9658
ZMARF29_321-360,129828.1713
RAP2.12_301-340,128170.7774
ARF19_11-50,127978.5604
RAP2.2_321-360,126849.0888
PPARFB3_191-230,125380.3681
ARF5_241-280,125352.9067
RAP2.12_231-270,125224.3557
HRE1_ERF73_11-50,125053.0988
ZMARF22_21-60,124246.6729
RAP2.12_311-350,123632.0078
RAP2.2_31-70,123400.048
ZMARF27_461-500,123349.465
ZMARF30_321-351,121333.9331
ZMARF30_291-330,121229.4799
ZMARF20_1-40,121044.7099
RAP2.3_181-220,120709.5175
ARF6_31-70,119564.7314
RAP2.3_151-190,118841.0585
ARF6_21-60,118805.964
ZMARF4_261-300,118214.6493
ZMARF16_41-80,116286.9222
PPARFC1B_11-50,115757.2235
ARF9_11-50,115752.0953
PPARFB4_321-360,115686.1069
ARF17_11-50,115209.0681
ARF7_571-610,115190.8209
ZMARF20_511-550,115145.2529
ZMARF20_11-50,114854.071
ZMARF1_491-530,114670.213
ZMARF35_541-580,114593.6784
ZMARF29_251-290,114024.9118
ZMARF27_1-40,113815.8731
HRE1_ERF73_21-60,113055.7382
PPARFA1_21-60,112752.5669
PPARFC2_11-50,111554.8847
RAP2.3_161-200,111201.0782
PPARFA4_191-230,110863.6468
ARF17_61-100,109935.835
ZMARF30_11-50,109900.4938
ARF5_181-220,109856.6428
HRE2_ERF71_101-140,109702.0428
ZMARF34_361-400,109114.9444
LFY_51-90,108166.3874
ZMARF4_291-330,107774.3533
HRE1_ERF73_221-260,107462.0224
RAP2.3_11-50,107440.0578
ARF5_271-310,107403.4479
ZMARF29_341-380,107004.5891
ARF5_221-260,106729.1688
PPARFA6_251-284,105590.7838
ZMARF2_181-213,105233.1416
WAR1_CTERM,105221.3248
PPARFA8_21-60,104882.5867
ARF5_371-402,104708.974
HRE1_ERF73_191-230,104507.8858
RAP2.2_261-300,104332.3194
RAP2.12_261-300,104192.026
RAP2.2_41-80,103314.6242
HRE2_ERF71_131-170,103209.9047
ZMARF31_1-40,102961.2038
ZMARF10_151-190,102794.5409
ARF5_201-240,102320.8369
ZMARF35_531-570,102241.5447
RAP2.2_221-260,102042.7366
ARF6_351-390,102020.4602
ZMARF29_391-430,101213.824
ZMARF20_531-570,101161.7087
ZMARF4_311-350,101113.341
RAP2.3_61-100,101106.9319
ZMARF16_251-290,100822.4214
ZMARF16_361-400,100805.0916
ZMARF10_191-230,100628.5278
PPARFB3_331-370,100540.3759
ARF7_31-70,100480.7776
ZMARF10_181-220,100328.9768
SHR_21-60,99919.69045
HAHNSYNTH,99855.86357
ZMARF35_1-40,99852.21832
RAP2.2_211-250,99128.58078
PPARFB3_181-220,99062.46262
ARF8_281-320,98152.57494
PPARFB1_181-220,98028.99505
ZMARF35_491-530,97799.97926
MPARF3_31-70,97681.9472
ZMARF18_91-130,97300.86451
ZMARF22_311-350,97298.63619
PPARFB2_71-110,97200.23812
PPARFA3_71-110,97142.48581
ARF19_201-240,96785.66443
ZMARF9_41-80,96697.03407
RAP2.12_251-290,96519.58971
ZMARF22_51-90,96248.37864
HRE1_ERF73_231-262,96061.85846
ARF1_81-120,95965.18577
ARF17_51-90,95611.60912
RAP2.12_211-250,95198.51312
ZMARF22_351-390,95075.7274
ZMARF34_201-240,94966.2634
RAP2.2_241-280,94675.49891
ARF19_21-60,94661.67967
ZMARF1_561-600,94431.82145
ZMARF24_51-90,94246.88355
ARF5_291-330,94147.22888
ARF1_71-110,94095.87704
MPARF3_111-150,93841.43579
LFY_11-50,93711.38686
ZMARF18_61-100,93375.99511
PPARFB3_171-210,93365.40564
RAP2.2_251-290,93181.10945
ZMARF24_31-70,93144.42578
ZMARF1_531-570,92964.93384
PPARFA7_1-40,92871.20782
PPARFA3_81-120,92631.69327
ZMARF29_281-320,92516.77776
RAP2.2_301-340,92472.34372
RAP2.2_51-90,92444.48969
RAP2.3_191-230,92416.22452
PPARFD2_111-150,91700.52865
ZMARF16_31-70,91683.83404
ARF5_301-340,91570.52206
PPARFA7_41-80,91485.54584
ZMARF11_91-130,91344.9744
ARF7_1-40,91267.00358
ZMARF34_291-330,91045.60803
MPARF2_51-90,91031.37573
ZMARF35_11-50,90672.70764
PPARFC1B_61-100,90669.30485
ZMARF16_51-90,90667.76217
PPARFA3_91-130,90559.22398
ZMARF36_1-40,90515.72093
ZMARF36_21-60,90441.77049
ARF8_21-60,90284.43587
ZMARF38_51-90,90099.16874
PPARFD2_101-140,89957.64689
ARF13_11-50,89888.18874
PPARFC1B_321-360,89828.5887
ZMARF29_331-370,89806.80182
ZMARF18_41-80,89736.15354
PPARFC2_21-60,89576.05823
HRE1_ERF73_1-40,89445.26709
MPARF3_91-130,89349.44255
ZMARF20_91-130,89300.15161
ZMARF22_1-40,89204.88609
ZMARF18_51-90,89163.6781
ZMARF2_11-50,89149.16802
ARF22_31-70,89130.10937
ZMARF24_61-100,89093.84669
ZMARF34_351-390,88976.80263
ZMARF1_21-60,88860.77882
ZMARF17_21-60,88737.6957
PPARFA6_211-250,88703.275
ARF5_281-320,88625.22701
PPARFA5_31-70,88428.19194
ARF7_61-100,88246.79333
SHR_31-70,88079.53454
ZMARF35_81-120,88001.51005
ZMARF13_171-210,87993.44787
ZMARF10_211-250,87811.46744
ZMARF22_61-100,87766.31567
ZMARF35_481-520,87720.04914
ARF2_71-110,87719.71944
PPARFA5_201-240,87693.79157
ARF6_341-380,87598.34948
ZMARF16_311-350,87498.19021
PPARFC1A_11-50,87489.79167
ZMARF34_41-80,87376.95029
ZMARF11_161-200,87288.34542
HRE1_ERF73_201-240,87267.35687
ZMARF9_341-380,87219.12397
ZMARF26_151-190,87209.2792
ARF2_81-120,87184.78836
ARF7_641-678,87139.68934
ARF5_261-300,86984.90977
ARF6_331-370,86944.85376
ZMARF21_81-120,86920.41235
ZMARF38_61-100,86876.43781
RAP2.12_241-280,86686.61383
ARF4_91-130,86670.05374
PPARFB3_201-240,86463.22528
PPARFD1_81-120,86411.00189
MPARF3_41-80,86386.93511
ZMARF25_91-130,86377.35852
ZMARF3_31-70,86245.28078
ZMARF22_301-340,86215.64801
SCR_121-160,86199.21697
ZMARF35_521-560,86190.23887
PPARFC1B_301-340,86170.64349
ZMARF25_301-336,86126.83343
PPARFD2_301-340,86097.99449
PPARFA6_201-240,86066.8923
LFY_321-360,86059.83612
ZMARF23_81-120,86038.50315
ZMARF23_11-50,85971.26117
ARF7_561-600,85537.25836
MPARF2_191-230,85525.62555
PPARFB1_121-160,85495.6031
ARF8_51-90,85412.17016
PPARFA5_191-230,85343.55632
PPARFB2_151-190,85328.35798
PPARFA3_11-50,85308.65184
PPARFC1A_1-40,85250.70523
ZMARF9_351-390,85224.39042
RAP2.12_321-358,85215.98294
ZMARF16_341-380,85165.4609
PPARFA1_31-70,85162.09686
ARF5_11-50,85161.17965
ZMARF10_21-60,85134
PPARFA1_261-300,85129.89932
LFY_301-340,85124.2419
PPARFB2_81-120,84950.46644
ZMARF34_211-250,84949.61009
PPARFA3_171-210,84928.55297
ZMARF17_91-130,84898.08033
ZMARF17_61-100,84896.93463
PPARFB2_21-60,84895.80865
PPARFB2_161-200,84846.23265
ZMARF22_321-360,84838.86037
ZMARF26_91-130,84829.63447
PPARFA1_251-290,84816.55331
RAP2.12_61-100,84793.42102
ZMARF14_111-145,84752.49596
ZMARF15_11-50,84725.47232
RAP2.2_341-379,84703.58408
RAP2.12_11-50,84615.83818
ZMARF20_521-560,84597.90863
ZMARF29_431-469,84381.95905
ARF8_201-240,84304.62472
ZMARF38_41-80,84234.67743
ZMARF30_31-70,84209.81219
ZMARF28_191-230,84167.09961
ZMARF9_51-90,84083.65503
PPARFC2_71-110,84052.86871
ZMARF25_221-260,84044.89189
ARF17_21-60,84033.78778
PPARFA1_211-250,84004.89181
ZMARF1_521-560,83943.79537
ARF7_21-60,83939.78966
ARF6_381-420,83914.32028
ARF6_61-100,83908.12781
ARF15_31-70,83858.5527
ARF8_251-290,83853.11472
ARF19_561-600,83835.77538
PPARFA8_51-90,83725.84803
ZMARF9_91-130,83647.3301
ZMARF10_121-160,83615.64192
ZMARF23_91-130,83536.99306
PPARFB3_131-170,83484.88422
ARF5_21-60,83481.92725
ZMARF9_101-140,83481.54016
ZMARF36_31-70,83377.33968
ZMARF35_511-550,83371.057
ZMARF16_21-60,83361.1097
ZMARF29_351-390,83355.12313
PPARFB4_281-320,83303.41191
RAP2.3_211-248,83235.98886
PPARFA7_121-160,83200.21943
PPARFD2_171-210,83198.51681
ZMARF35_181-220,83180.79517
ARF10_61-100,83177.53588
PPARFB3_121-160,83117.91033
ARF10_1-40,83049.64879
ZMARF27_451-490,83007.44624
ARF19_521-560,83001.4504
PPARFA5_171-210,82985.37944
ZMARF11_111-150,82925.59109
LFY_31-70,82911.88563
ZMARF1_471-510,82817.26397
SCR_101-140,82607.38322
PPARFA4_21-60,82572.6097
PPARFA6_51-90,82560.44261
ARF10_51-90,82448.51019
ZMARF26_61-100,82434.43687
ARF7_71-110,82434.38866
ZMARF26_81-120,82429.11981
PPARFC1A_201-240,82419.00981
ZMARF15_1-40,82413.01127
ZMARF11_221-260,82412.19306
PPARFA4_201-240,82391.22206
ZMARF3_291-330,82375.52049
ARF6_41-80,82324.1252
PPARFB3_81-120,82317.86603
ZMARF24_201-240,82218.33128
PPARFA7_31-70,82200.53054
ZMARF11_121-160,82160.89878
MPARF2_181-220,82147.06497
MPARF2_231-270,82123.77092
ZMARF16_281-320,82057.79905
PPARFA6_21-60,82028.09102
ZMARF3_301-340,82015.95091
ZMARF17_11-50,81978.17364
ZMARF10_141-180,81965.19668
PPARFB1_171-210,81938.99225
ZMARF38_71-110,81929.37765
RAP2.12_111-150,81876.90056
ZMARF20_591-630,81870.08749
ZMARF1_161-200,81862.93297
MIG1_RD,81827.28552
ZMARF10_131-170,81664.95977
ZMARF23_51-90,81641.52667
MPARF3_181-220,81629.81409
ARF10_41-80,81619.3886
ZMARF4_411-450,81610.10667
PPARFB3_241-280,81555.31372
PPARFA4_131-170,81469.32831
ZMARF4_11-50,81462.68746
PPARFA1_271-310,81418.76922
ARF10_11-50,81331.63497
PPARFC1A_21-60,81276.1291
ARF19_461-500,81270.55108
PPARFA8_31-70,81254.74527
ZMARF17_31-70,81250.60405
PPARFB2_91-130,81117.43032
ZMARF20_481-520,81097.00225
PPARFD2_181-220,81057.21671
ZMARF4_301-340,81043.98094
PPARFA7_211-250,81000.41821
PPARFB1_111-150,80983.14275
ZMARF16_291-330,80980.33791
PPARFC1B_311-350,80945.09561
PPARFC2_81-120,80938.70164
ZMARF16_11-50,80927.04567
ZMARF12_1-40,80922.75177
ARF6_51-90,80921.89666
ARF4_111-150,80899.29946
PPARFB4_81-120,80888.35043
LFY_21-60,80763.2933
ARF17_41-80,80759.1005
ZMARF26_21-60,80748.97972
ZMARF20_491-530,80714.91799
ZMARF4_351-390,80662.5203
ZMARF16_271-310,80645.82633
ZMARF3_161-200,80644.91733
ARF5_111-150,80607.96187
ARF6_371-410,80542.94865
ZMARF9_301-340,80530.41403
MPARF2_251-290,80524.70399
PPARFA5_41-80,80507.40463
MPARF3_101-140,80482.60678
ZMARF1_41-80,80449.68006
ZMARF7_201-236,80424.9808
PPARFC1B_1-40,80393.48557
ZMARF24_11-50,80358.44243
PPARFA3_261-300,80338.30207
ZMARF36_41-80,80336.67338
ZMARF17_1-40,80331.03726
PPARFA8_261-300,80318.30329
PPARFC1B_21-60,80318.0085
ZMARF10_161-200,80316.97681
ARF3_71-110,80284.8455
PPARFA5_221-260,80269.44328
PPARFB2_101-140,80236.31553
SCR_81-120,80180.08817
ZMARF10_101-140,80136.5059
MPARF1_71-110,80132.91618
ARF19_491-530,80098.68533
ARF17_1-40,80061.6482
ZMARF1_551-590,80061.47162
ARF4_101-140,80029.82972
ZMARF23_71-110,79990.51142
PPARFA8_81-120,79981.54082
PPARFA7_21-60,79914.27959
ZMARF10_221-260,79908.13152
ZMARF12_21-60,79881.18488
ZMARF38_31-70,79869.6406
ZMARF4_321-360,79846.46656
ZMARF30_261-300,79775.15442
ZMARF9_211-250,79760.26457
PPARFA1_311-341,79759.80249
PPARFD1_201-240,79743.16371
ZMARF25_141-180,79711.53056
PPARFC1A_91-130,79686.93395
ARF10_91-130,79685.96691
PPARFA3_201-240,79684.46711
PPARFC2_91-130,79581.96764
PPARFA6_221-260,79575.5828
ARF19_551-590,79563.59345
ZMARF35_591-630,79563.05378
PPARFA1_41-80,79498.37766
ZMARF13_1-40,79489.87645
ZMARF16_181-220,79480.52241
ZMARF12_121-160,79455.00642
ZMARF18_81-120,79414.46936
PPARFA3_301-340,79356.36084
ZMARF30_41-80,79339.22002
ZMARF25_121-160,79322.11471
ARF8_31-70,79307.75585
PPARFA8_11-50,79303.62186
PPARFA1_201-240,79302.59993
ARF7_401-440,79280.29081
ZMARF22_211-250,79267.11492
ZMARF24_191-230,79263.36237
PPARFA3_161-200,79251.54599
RAP2.2_61-100,79230.78182
ZMARF27_521-560,79211.67188
ARF8_61-100,79183.58667
ZMARF13_21-60,79181.75662
ZMARF13_161-200,79163.61272
ZMARF4_71-110,79140.18201
ZMARF35_431-470,79136.00543
PPARFC1A_81-120,79131.86648
ZMARF4_81-120,79131.25197
ZMARF11_21-60,79099.31778
PPARFD1_51-90,79076.10139
ZMARF9_221-260,79056.84288
MPARF2_321-360,79055.14282
ZMARF25_101-140,79048.09754
PPARFD2_191-230,78979.88263
ZMARF34_281-320,78979.60435
PPARFC1A_31-70,78979.53714
ZMARF1_31-70,78942.15783
PPARFC2_1-40,78926.32242
PPARFA4_141-180,78907.4007
PPARFC1B_31-70,78899.59851
ZMARF35_581-620,78886.90955
ZMARF20_331-370,78858.67768
ARF18_101-132,78840.5861
HRE1_ERF73_61-100,78790.90267
ZMARF16_381-417,78786.65956
ARF19_471-510,78777.08822
ARF19_511-550,78760.12859
ARF18_1-40,78743.19781
ZMARF18_31-70,78739.56942
ZMARF23_131-170,78733.95443
MPARF3_11-50,78728.17081
ZMARF10_91-130,78710.83671
LFY_331-370,78708.7301
ZMARF34_221-260,78704.18318
ZMARF28_271-302,78700.15878
PPARFC1A_171-210,78699.83787
ARF2_251-290,78652.75867
PPARFC2_31-70,78636.67808
HRE2_ERF71_61-100,78622.81385
ZMARF34_91-130,78617.13162
ZMARF23_151-190,78611.95066
PPARFB4_151-190,78596.04878
ARF4_121-160,78577.08899
ARF8_41-80,78575.83323
ZMARF15_31-70,78573.83242
ARF19_1-40,78572.02972
PPARFA7_201-240,78531.77477
ARF20_1-40,78528.11717
ZMARF3_191-230,78519.92276
ARF18_21-60,78517.80693
ZMARF7_91-130,78501.93968
ZMARF35_551-590,78471.4485
ZMARF1_141-180,78385.33941
ZMARF13_201-240,78339.33154
ARF19_31-70,78320.15447
ZMARF9_331-370,78306.74772
ZMARF34_231-270,78295.26857
ARF3_101-140,78286.88192
PPARFC2_211-250,78285.40713
MPARF2_171-210,78283.43566
RAP2.12_131-170,78280.98011
MPARF3_131-170,78256.45055
ZMARF24_161-200,78249.50767
MPARF3_1-40,78239.62357
PPARFA8_271-303,78224.03827
ARF17_71-110,78212.82613
ZMARF9_311-350,78210.55415
ZMARF30_191-230,78189.23201
ARF17_81-120,78187.7644
LFY_61-100,78179.93934
ZMARF16_61-100,78156.97112
ZMARF11_81-120,78149.58252
ZMARF12_191-230,78149.44135
LFY_341-380,78129.88305
PPARFD2_241-280,78085.43703
ZMARF22_231-270,78078.86404
ZMARF16_351-390,78067.99591
ZMARF35_411-450,78046.65868
PPARFC1A_291-330,78028.11718
ZMARF28_161-200,78025.63986
ZMARF4_361-400,77952.60843
PPARFA8_71-110,77951.09518
ARF7_411-450,77908.49992
ZMARF15_41-80,77905.02514
LFY_231-270,77904.93186
ZMARF4_371-410,77857.28834
ZMARF1_111-150,77853.236
ZMARF17_41-80,77847.73044
ZMARF3_41-80,77733.341
RAP2.12_101-140,77680.2261
ZMARF35_561-600,77675.97719
ARF10_121-160,77674.17789
PPARFB4_311-350,77657.66173
LFY_211-250,77603.06992
ZMARF20_471-510,77595.55389
PPARFD2_161-200,77560.85238
ZMARF27_531-570,77545.51585
ZMARF25_231-270,77532.33009
ARF3_81-120,77514.38897
PPARFB3_1-40,77491.97293
PPARFA7_151-190,77485.61316
ZMARF16_161-200,77476.77119
ARF4_201-240,77456.63961
PPARFB2_61-100,77441.06677
ZMARF28_91-130,77438.65727
PPARFA6_71-110,77407.80813
ZMARF27_541-580,77403.56122
ZMARF27_151-190,77391.60518
ZMARF2_31-70,77378.99891
PPARFA1_281-320,77369.15565
ARF2_141-180,77349.90736
ZMARF35_41-80,77347.79294
ZMARF1_51-90,77333.3778
RAP2.12_91-130,77307.75396
ARF17_171-203,77303.57649
PPARFC2_101-140,77288.86054
ZMARF29_401-440,77287.78277
ZMARF29_381-420,77263.09991
PPARFB4_341-379,77232.75434
ZMARF10_201-240,77206.27391
ZMARF27_41-80,77168.49762
PPARFC1A_61-100,77167.0138
ZMARF12_111-150,77087.21926
PPARFC1A_71-110,77085.66429
MPARF2_241-280,77072.86137
ZMARF4_21-60,77066.41941
MPARF2_81-120,77045.5713
ZMARF16_211-250,77045.45317
ZMARF10_231-270,77036.8208
ZMARF1_1-40,77006.2622
RAP2.2_231-270,76927.07789
ZMARF22_171-210,76913.70856
ZMARF12_91-130,76905.4413
PPARFA1_241-280,76896.94497
ZMARF24_21-60,76886.83211
ZMARF15_211-249,76876.61979
RAP2.2_131-170,76875.49245
ZMARF17_71-110,76874.29681
PPARFB4_201-240,76840.73656
PPARFB2_1-40,76830.52126
PPARFB4_301-340,76827.13978
ARF1_41-80,76825.69676
ARF21_31-70,76815.76861
ZMARF38_81-120,76807.71571
ZMARF22_11-50,76802.83965
ZMARF2_1-40,76776.77966
ZMARF7_31-70,76755.10377
ZMARF4_281-320,76751.02339
PPARFB4_211-250,76739.33926
ZMARF10_251-290,76724.73102
ZMARF23_61-100,76688.16425
PPARFA6_81-120,76685.04941
ZMARF16_231-270,76667.70869
ZMARF31_21-60,76665.19107
HRE2_ERF71_41-80,76664.94089
ZMARF34_191-230,76663.13166
ARF6_1-40,76645.66144
ZMARF13_131-170,76632.83387
ARF13_71-108,76600.25932
PPARFB4_191-230,76582.73084
ZMARF12_11-50,76567.03427
ZMARF30_51-90,76558.16214
ARF1_101-140,76528.49424
ZMARF27_441-480,76527.12248
ARF6_321-360,76523.85966
PPARFA3_21-60,76504.36168
ZMARF24_81-120,76491.08454
ZMARF13_241-280,76467.10478
ZMARF34_311-350,76464.39411
ZMARF1_451-490,76437.14964
ARF19_481-520,76432.33409
RAP2.2_181-220,76425.93414
ZMARF26_121-160,76405.11272
ZMARF16_171-210,76399.676
ZMARF1_101-140,76349.49155
ZMARF29_371-410,76300.33072
ZMARF4_341-380,76264.62324
ARF5_61-100,76256.80689
ZMARF4_421-459,76246.01949
ZMARF21_1-40,76237.95785
PPARFA7_251-290,76228.03577
ARF9_1-40,76224.26125
ARF8_261-300,76217.314
ZMARF22_241-280,76186.7041
ZMARF5_71-110,76185.82871
ARF3_91-130,76184.65295
ZMARF13_121-160,76166.36775
ZMARF35_361-400,76157.5959
ZMARF12_141-180,76157.47965
ZMARF35_151-190,76124.22352
ZMARF23_161-200,76121.73579
ARF19_211-250,76110.6264
PPARFC1B_331-362,76071.16801
ZMARF15_131-170,75987.28036
ZMARF23_141-180,75956.62453
ZMARF34_301-340,75931.1554
PPARFB1_191-230,75929.5542
ZMARF13_11-50,75922.87553
ZMARF20_501-540,75909.75795
ZMARF33_51-81,75858.90725
SHR_61-100,75845.96475
ZMARF2_41-80,75804.98472
ZMARF16_301-340,75784.52005
ZMARF11_101-140,75751.81643
SHR_91-130,75747.44614
ZMARF27_21-60,75746.86962
PPARFC1A_51-90,75721.5004
ZMARF29_1-40,75714.71325
RAP2.3_21-60,75710.18636
ARF2_101-140,75702.17527
ZMARF36_11-50,75676.79728
ZMARF17_141-171,75658.11711
ZMARF1_441-480,75645.82554
PPARFD1_131-170,75642.78264
ZMARF7_111-150,75638.05698
ARF1_91-130,75621.60316
ZMARF28_221-260,75602.87917
MPARF3_161-200,75595.08982
ARF3_51-90,75559.78395
ZMARF34_171-210,75559.60009
ZMARF21_41-80,75554.58269
PPARFD2_331-369,75552.64777
ZMARF26_51-90,75501.48626
ZMARF1_151-190,75499.02657
ZMARF8_91-130,75467.67207
ZMARF38_1-40,75463.64217
RAP2.12_21-60,75446.35928
ZMARF5_101-140,75430.01735
ZMARF28_201-240,75427.70122
ZMARF20_391-430,75421.27852
RAP2.2_201-240,75400.68756
ARF11_101-137,75395.48984
ZMARF2_21-60,75384.92142
PPARFA7_51-90,75381.74239
ZMARF38_91-130,75377.55604
PPARFA3_181-220,75375.51755
HRE1_ERF73_71-110,75328.00811
ARF7_591-630,75319.67572
ZMARF11_71-110,75309.28488
ARF10_81-120,75303.0647
ZMARF26_111-150,75302.17589
ARF19_141-180,75297.39836
LFY_351-390,75280.09077
RAP2.12_81-120,75277.04141
ZMARF3_131-170,75239.74669
ZMARF13_181-220,75237.0585
ZMARF20_31-70,75203.29263
ZMARF34_341-380,75187.88683
ZMARF28_181-220,75186.03004
ZMARF34_101-140,75143.24176
RAP2.2_11-50,75127.55353
ZMARF1_131-170,75106.55333
ZMARF31_41-79,75096.43157
ZMARF1_481-520,75068.79529
PPARFD1_251-290,75059.50486
ZMARF25_181-220,75057.94001
PPARFB4_331-370,75054.18291
MPARF2_41-80,75052.79649
PPARFA5_81-120,75033.08498
ZMARF17_51-90,75030.03286
ZMARF7_41-80,75011.77638
ZMARF25_131-170,75006.58196
PPARFA7_161-200,75002.53729
PPARFA8_121-160,74992.8232
ZMARF21_61-100,74989.13142
LFY_291-330,74984.82587
PPARFB2_11-50,74980.49664
ARF22_121-156,74949.54649
ARF10_111-150,74940.02792
ARF7_491-530,74936.98199
ARF7_241-280,74929.7528
ZMARF22_341-380,74924.4303
ARF1_51-90,74908.77486
PPARFB3_61-100,74899.21281
PPARFA3_191-230,74883.50783
ZMARF8_141-180,74882.93456
ARF19_331-370,74881.08833
ARF8_161-200,74840.57088
PPARFA1_231-270,74837.14079
PPARFB4_71-110,74821.58217
ZMARF27_491-530,74819.96334
HRE1_ERF73_101-140,74791.85817
PPARFC1A_41-80,74727.1347
PPARFA8_231-270,74698.28688
ARF14_91-130,74673.10427
ARF9_41-80,74667.45657
PPARFA7_131-170,74647.63323
PPARFA5_211-250,74646.75625
ARF12_31-70,74641.19731
MPARF3_21-60,74623.56745
ARF1_31-70,74617.69537
ZMARF9_231-270,74593.19659
ZMARF10_241-280,74592.72297
ARF13_61-100,74585.10303
MPARF1_141-180,74578.13955
RAP2.12_41-80,74569.7305
ZMARF29_11-50,74567.1315
ARF6_361-400,74565.03806
ZMARF7_101-140,74542.74076
ARF20_11-50,74535.68
PPARFC1B_151-190,74522.58092
SCR_141-180,74516.3999
ZMARF16_1-40,74500.87721
ARF5_41-80,74491.46451
ZMARF4_1-40,74475.53142
ZMARF28_171-210,74453.68128
ARF9_51-90,74430.61099
PPARFB1_71-110,74388.17356
ARF14_1-40,74387.23848
ZMARF23_21-60,74358.7313
ZMARF2_101-140,74350.48032
ZMARF13_231-270,74324.97909
ARF4_41-80,74323.45085
ZMARF35_31-70,74320.98594
LFY_41-80,74311.19867
ARF12_41-80,74297.65167
PPARFA8_151-190,74281.03757
ARF3_21-60,74266.41615
ZMARF7_1-40,74234.81058
ZMARF3_81-120,74223.12465
PPARFC1A_141-180,74205.05977
ZMARF4_381-420,74197.30468
ZMARF24_91-130,74156.61415
ZMARF22_291-330,74139.73976
PPARFC2_201-240,74133.82156
ARF2_171-210,74133.34972
PPARFB3_101-140,74126.40823
PPARFB1_201-240,74124.74163
ARF9_71-110,74116.88186
HRE1_ERF73_81-120,74111.91451
PPARFB4_11-50,74108.02862
ZMARF34_51-90,74104.84171
PPARFC1A_351-382,74104.2671
ZMARF20_371-410,74084.42595
ZMARF3_221-260,74082.74823
PPARFA8_241-280,74062.75068
ARF16_11-50,74056.72717
ZMARF27_31-70,74054.40259
PPARFA7_231-270,74049.58842
PPARFD2_121-160,74007.11107
ARF11_51-90,74000.79615
MPARF1_171-210,73995.07209
ZMARF3_201-240,73982.66193
PPARFB3_251-290,73963.33815
ZMARF9_251-290,73956.53889
PPARFA1_181-220,73955.47869
ARF4_81-120,73945.67395
ZMARF1_291-330,73942.70521
ARF7_551-590,73921.00121
ZMARF35_121-160,73917.03763
ARF10_21-60,73908.88991
PPARFA8_251-290,73904.96751
ZMARF18_121-154,73893.76866
ZMARF1_461-500,73893.07886
ARF13_1-40,73890.56751
ZMARF25_71-110,73859.0543
ARF16_71-110,73854.09248
ZMARF11_41-80,73822.02043
ARF22_41-80,73777.73367
ZMARF24_71-110,73767.10521
ARF2_21-60,73741.77884
ZMARF20_251-290,73724.99878
PPARFA1_51-90,73698.66486
ZMARF3_261-300,73679.0973
SCR_131-170,73634.39338
MPARF1_191-223,73627.84645
ZMARF4_51-90,73627.14039
PPARFB4_241-280,73617.35393
ZMARF35_261-300,73616.3701
PPARFD1_61-100,73598.58406
PPARFA6_101-140,73592.13271
ARF11_41-80,73547.52796
ZMARF28_241-280,73531.54851
ZMARF1_281-320,73493.2621
PPARFB1_1-40,73489.48574
RAP2.3_101-140,73481.57011
ZMARF22_71-110,73469.01923
ZMARF25_241-280,73458.23311
ZMARF25_151-190,73457.50277
PPARFA3_101-140,73426.10163
ZMARF13_191-230,73419.28201
ZMARF13_141-180,73417.07173
MPARF3_281-320,73407.61625
PPARFB4_251-290,73399.73593
PPARFB2_141-180,73363.78048
ZMARF9_61-100,73363.36206
ZMARF8_221-260,73329.04924
PPARFA8_61-100,73304.64836
SHR_101-140,73269.34749
PPARFD1_151-190,73267.99798
PPARFB4_221-260,73254.63273
ZMARF30_211-250,73254.04179
ARF7_251-290,73211.32573
ZMARF27_281-320,73210.80283
ARF4_51-90,73157.40767
ZMARF2_81-120,73156.86843
PPARFC1B_121-160,73147.11168
MPARF3_151-190,73144.19738
ZMARF24_1-40,73111.4852
PPARFA6_231-270,73090.96727
ARF18_41-80,73068.86256
ARF16_161-198,73062.88666
PPARFA1_101-140,73038.47592
ARF5_341-380,73036.69832
ZMARF21_111-150,73024.09735
ARF19_431-470,73000.34431
PPARFA3_61-100,72994.28758
PPARFB1_61-100,72978.92474
ZMARF36_51-90,72963.9575
ZMARF34_81-120,72954.2875
ZMARF29_41-80,72929.69253
ZMARF25_261-300,72870.41555
ARF4_31-70,72861.8436
ZMARF9_161-200,72842.41814
HRE2_ERF71_141-171,72834.19435
LFY_271-310,72818.94761
ZMARF13_31-70,72816.08875
PPARFD2_21-60,72777.36295
PPARFD2_31-70,72730.19547
ARF21_41-80,72727.51191
ZMARF22_151-190,72722.47743
PPARFC1B_51-90,72721.30259
ARF15_121-156,72706.87449
PPARFA4_1-40,72667.73336
ZMARF4_221-260,72647.69965
ARF19_531-570,72617.50461
ZMARF3_21-60,72607.74276
ZMARF9_31-70,72599.13585
ZMARF3_281-320,72498.31729
ZMARF1_11-50,72497.46951
PPARFC1A_121-160,72477.86242
PPARFB1_81-120,72466.66555
ZMARF12_181-220,72442.35855
ARF7_501-540,72425.35157
ZMARF20_601-635,72424.3586
ZMARF32_1-17,72395.9006
ZMARF12_201-240,72347.95469
ZMARF4_271-310,72307.24115
PPARFA3_271-310,72292.37586
PPARFC2_191-230,72279.56961
LFY_311-350,72270.42806
ZMARF24_181-220,72267.9545
MPARF3_51-90,72241.11517
RAP2.3_131-170,72203.46466
ZMARF5_1-40,72192.5743
ARF8_11-50,72188.94992
RAP2.3_31-70,72188.89348
ZMARF5_11-50,72184.94399
ZMARF15_21-60,72173.11997
ZMARF30_81-120,72150.34389
ARF19_91-130,72126.69098
ZMARF2_61-100,72124.56852
ZMARF1_81-120,72107.84234
ARF20_31-70,72106.52296
ZMARF20_541-580,72094.86326
RAP2.3_121-160,72089.66425
PPARFB1_151-190,72072.51244
ZMARF29_31-70,72072.03362
ZMARF16_241-280,72066.60562
ARF8_81-120,72056.56796
ARF2_1-40,72053.2998
ZMARF28_141-180,72046.38772
ARF8_151-190,72028.90754
PPARFD1_231-270,72011.00466
PPARFC2_141-180,71974.4793
ZMARF13_81-120,71971.41901
ZMARF24_41-80,71968.66029
ZMARF16_331-370,71967.25239
ZMARF1_511-550,71958.12926
ARF11_61-100,71942.67821
PPARFA6_131-170,71933.26741
ZMARF5_81-120,71922.13357
PPARFA5_141-180,71915.3498
ZMARF35_501-540,71914.18851
ZMARF1_541-580,71864.49967
ZMARF25_191-230,71826.47328
ZMARF20_351-390,71807.42141
ARF16_1-40,71805.145
ZMARF20_341-380,71801.69619
MPARF3_71-110,71801.53159
PPARFA5_121-160,71780.09228
ARF3_41-80,71775.2333
ARF1_61-100,71772.85535
ZMARF14_81-120,71766.39213
ZMARF27_471-510,71746.16779
PPARFA7_71-110,71738.35258
PPARFD2_151-190,71724.01203
PPARFA7_111-150,71715.66832
LFY_261-300,71706.88431
ZMARF24_101-140,71702.80449
LFY_281-320,71695.56527
ZMARF13_41-80,71686.79831
ZMARF35_241-280,71685.08723
ZMARF20_261-300,71639.68089
PPARFA3_311-350,71632.6313
PPARFA8_161-200,71631.77104
RAP2.2_21-60,71630.03984
PPARFA7_141-180,71609.73167
ARF19_541-580,71606.93919
PPARFA1_11-50,71553.91903
ZMARF35_351-390,71531.27073
ZMARF3_271-310,71497.76926
ARF19_221-260,71496.50566
ZMARF29_361-400,71494.68303
PPARFA3_1-40,71486.74226
PPARFA5_151-190,71409.44505
PPARFB4_231-270,71387.3331
ARF7_521-560,71371.2323
PPARFB3_311-350,71360.5021
ZMARF28_51-90,71350.55053
ARF3_151-190,71314.52029
ZMARF34_111-150,71311.25113
PPARFA5_131-170,71303.21726
ZMARF36_91-130,71293.26084
ARF6_151-190,71292.11855
ARF20_21-60,71273.57779
ARF5_71-110,71260.84224
ZMARF35_291-330,71259.9798
PPARFD2_41-80,71257.68929
ZMARF27_51-90,71255.8804
ZMARF14_31-70,71227.47284
LFY_181-220,71210.73334
ZMARF23_111-150,71187.13826
ARF9_141-178,71158.53381
ZMARF26_71-110,71156.06691
ZMARF11_211-250,71146.46562
ZMARF28_101-140,71139.97185
ZMARF27_511-550,71137.81716
MPARF2_311-350,71127.78658
MPARF2_1-40,71126.44818
ZMARF4_331-370,71114.82871
ZMARF8_111-150,71114.68947
ARF8_191-230,71103.0878
RAP2.3_51-90,71082.38347
PPARFB1_141-180,71081.31757
ZMARF22_181-220,71080.33845
ZMARF1_321-360,71032.34504
ARF15_71-110,71012.99316
ZMARF35_271-310,71004.89883
ZMARF7_21-60,70992.8534
PPARFC1B_41-80,70957.46868
ZMARF4_401-440,70935.62381
PPARFA8_171-210,70918.60487
MPARF1_131-170,70859.82371
ZMARF29_211-250,70837.19124
ZMARF1_271-310,70822.4282
ZMARF27_381-420,70807.17981
HRE1_ERF73_181-220,70778.00747
PPARFB3_271-310,70725.95241
ZMARF20_401-440,70695.23941
ARF6_401-434,70694.88601
PPARFA5_21-60,70676.02838
ARF11_21-60,70660.54481
PPARFB3_71-110,70644.74998
ZMARF35_191-230,70637.23876
ARF3_131-170,70632.39304
PPARFD2_11-50,70617.57693
ARF16_51-90,70606.90276
ARF15_41-80,70602.41528
ZMARF23_231-262,70595.84108
ZMARF35_601-640,70578.36195
PPARFC2_181-220,70557.9823
PPARFC1B_101-140,70543.80625
PPARFB4_291-330,70514.14983
ARF14_11-50,70506.71605
ZMARF35_421-460,70455.60398
ZMARF2_51-90,70430.1515
PPARFD2_131-170,70430.02544
ZMARF11_131-170,70425.56122
RAP2.2_81-120,70403.23795
ARF20_101-140,70366.34824
PPARFD1_211-250,70362.1254
ARF21_1-40,70356.35687
ZMARF5_91-130,70327.60464
ZMARF20_461-500,70326.23712
PPARFA1_91-130,70283.17018
PPARFC1A_221-260,70272.62163
ZMARF13_151-190,70257.25102
ZMARF29_421-460,70256.646
ZMARF22_31-70,70237.48938
ZMARF34_251-290,70235.64422
LFY_221-260,70234.0184
LFY_251-290,70220.7918
ARF20_81-120,70203.18979
PPARFB4_121-160,70199.11922
RAP2.12_71-110,70193.9918
PPARFA1_191-230,70187.1143
ARF8_301-340,70184.22861
ZMARF35_611-648,70183.83428
PPARFC1B_111-150,70170.09564
ZMARF1_251-290,70127.61352
ZMARF34_181-220,70122.11808
ARF22_71-110,70113.41706
ZMARF35_21-60,70086.55081
ZMARF22_361-400,70073.17736
ARF12_121-156,70071.82479
ARF21_71-110,70059.62582
HRE1_ERF73_131-170,70058.10898
ZMARF20_581-620,70052.17658
ZMARF3_311-350,70028.56346
MPARF3_201-240,70009.88805
ARF19_191-230,69999.00198
ZMARF34_241-280,69991.38904
ZMARF28_121-160,69984.70505
MPARF3_121-160,69980.68139
PPARFA1_291-330,69970.38051
ZMARF8_231-270,69965.41669
PPARFA6_31-70,69965.27145
ZMARF33_31-70,69957.3187
ARF20_91-130,69952.32569
ARF5_1-40,69949.86508
ZMARF11_231-270,69947.83153
ARF7_431-470,69943.01436
MPARF2_121-160,69938.59559
ZMARF28_81-120,69912.42002
ZMARF34_331-370,69901.51333
ZMARF27_101-140,69863.05502
RAP2.2_111-150,69812.90208
ARF8_71-110,69769.03393
PPARFA8_131-170,69755.89845
ZMARF12_81-120,69722.22375
RAP2.2_191-230,69700.23749
ZMARF14_1-40,69697.44604
ARF19_441-480,69687.23122
ZMARF22_271-310,69678.48443
PPARFA6_181-220,69655.6327
ARF8_1-40,69655.30546
ZMARF15_51-90,69654.16442
ARF7_51-90,69639.8236
ZMARF21_51-90,69614.12868
PPARFA6_141-180,69606.68982
ZMARF20_271-310,69581.47183
ZMARF24_231-270,69570.80774
PPARFB2_191-230,69567.25949
ZMARF14_61-100,69558.6827
ZMARF4_61-100,69539.34308
PPARFD2_291-330,69533.79871
ZMARF26_11-50,69519.12699
PPARFD2_141-180,69517.18117
PPARFD1_191-230,69467.90885
PPARFA7_171-210,69446.60904
ZMARF21_71-110,69445.08672
ARF2_161-200,69442.8723
ZMARF30_251-290,69439.81425
PPARFD1_31-70,69424.70336
ZMARF20_121-160,69409.35067
LFY_191-230,69399.99836
LFY_241-280,69398.16793
ARF7_41-80,69394.47223
ZMARF16_71-110,69373.25949
PPARFC1B_131-170,69344.85559
ZMARF26_211-250,69322.36096
ZMARF9_361-395,69299.81149
PPARFD1_1-40,69289.26277
ZMARF30_241-280,69279.7219
ZMARF22_371-410,69275.01082
PPARFD2_51-90,69270.6643
SCR_11-50,69267.20151
ZMARF35_391-430,69253.33646
ZMARF3_111-150,69236.57168
PPARFA3_291-330,69235.61016
ARF8_291-330,69208.8681
ZMARF1_351-390,69188.16193
ZMARF1_371-410,69183.0602
MPARF3_311-350,69181.71162
PPARFB4_161-200,69175.55925
ZMARF30_161-200,69175.45107
PPARFC1A_131-170,69174.56871
ZMARF4_31-70,69164.49152
ZMARF36_121-160,69106.0685
ZMARF14_41-80,69075.00391
PPARFB2_121-160,69074.89605
ZMARF12_101-140,69038.03169
PPARFC2_171-210,69031.89693
ZMARF10_81-120,69018.92004
ZMARF3_11-50,68997.57642
ARF9_91-130,68990.87842
ZMARF2_71-110,68980.8101
ZMARF8_121-160,68970.07039
ARF2_201-240,68959.91266
ARF7_621-660,68947.613
ZMARF35_141-180,68933.79277
ZMARF13_261-300,68930.84133
ZMARF9_261-300,68908.76207
ARF12_1-40,68898.13804
PPARFB1_251-281,68892.30711
MPARF3_81-120,68881.49427
PPARFC1A_241-280,68879.09337
ZMARF15_121-160,68870.91744
ZMARF8_301-335,68827.65436
PPARFA5_51-90,68826.84759
PPARFC1B_241-280,68824.47987
ZMARF25_111-150,68816.30344
ZMARF35_251-290,68813.6927
ARF4_211-250,68779.02752
ZMARF1_301-340,68719.7682
MPARF3_331-362,68710.32947
ZMARF3_91-130,68661.14785
PPARFB1_21-60,68658.01509
PPARFA3_221-260,68650.21264
ZMARF20_21-60,68648.69067
PPARFA4_61-100,68641.66498
ZMARF3_141-180,68634.78863
ARF6_71-110,68617.1858
ZMARF23_101-140,68592.58626
ZMARF9_181-220,68570.68659
ZMARF3_321-354,68570.53542
ARF2_111-150,68563.49659
ZMARF11_61-100,68555.88006
PPARFA8_91-130,68534.3813
ARF5_311-350,68521.77695
ZMARF30_301-340,68512.25711
ZMARF30_231-270,68493.27864
ZMARF2_91-130,68465.61024
ARF13_31-70,68459.69969
ZMARF11_31-70,68455.31062
HRE1_ERF73_51-90,68454.33426
PPARFA7_91-130,68443.0992
ARF19_411-450,68442.88918
ZMARF30_221-260,68427.87415
ARF9_31-70,68402.47625
ARF8_221-260,68375.54182
PPARFB4_111-150,68345.25886
PPARFA7_261-295,68343.97383
ZMARF8_101-140,68343.28934
PPARFA8_41-80,68314.25335
ZMARF21_121-160,68310.55176
PPARFA8_191-230,68308.60952
PPARFA1_111-150,68304.59832
ZMARF34_31-70,68301.44307
ZMARF27_111-150,68276.3889
ARF19_501-540,68275.85036
ZMARF9_1-40,68275.55127
ZMARF30_21-60,68265.647
PPARFA1_1-40,68243.72928
ZMARF17_101-140,68236.09361
PPARFA3_111-150,68210.11284
ZMARF24_131-170,68199.8345
ZMARF26_31-70,68191.31536
LFY_1-40,68165.75563
ZMARF22_91-130,68130.1475
PPARFA6_91-130,68118.01574
ZMARF5_121-152,68100.22432
ZMARF20_381-420,68097.01923
ZMARF18_21-60,68095.76059
PPARFB1_221-260,68083.79388
ARF11_71-110,68073.04531
ZMARF22_331-370,68072.28269
ARF15_1-40,68058.54716
ARF4_61-100,68046.53667
ARF6_391-430,68038.84898
ZMARF35_341-380,68023.9592
ZMARF28_251-290,68007.62172
MPARF1_81-120,67998.55382
ARF1_11-50,67971.94149
ARF2_181-220,67967.71099
PPARFA7_61-100,67956.63029
ARF19_231-270,67931.22874
ZMARF35_571-610,67916.35254
ZMARF24_141-180,67915.75078
PPARFA3_231-270,67909.19145
RAP2.2_91-130,67909.1158
PPARFB3_301-340,67902.55259
ZMARF22_381-413,67901.06525
ZMARF1_331-370,67896.56349
ARF22_1-40,67884.01343
RAP2.2_71-110,67880.38374
ARF7_541-580,67872.07125
ZMARF30_61-100,67860.37415
ARF4_21-60,67858.16067
ARF7_581-620,67815.1192
ZMARF16_191-230,67807.51964
ARF6_91-130,67802.48488
ZMARF26_41-80,67796.27555
ZMARF3_1-40,67789.52578
PPARFA6_161-200,67775.93378
ZMARF23_41-80,67773.50606
HRE1_ERF73_121-160,67749.82853
ARF2_221-260,67746.98369
PPARFA3_251-290,67696.7527
RAP2.3_141-180,67682.73112
ARF6_171-210,67681.91471
ARF7_281-320,67675.88795
ZMARF25_171-210,67674.49091
ZMARF8_161-200,67670.98559
ARF18_51-90,67645.22687
PPARFA3_31-70,67635.26602
ARF14_61-100,67633.9856
ZMARF8_201-240,67633.68921
ZMARF30_111-150,67615.23134
ZMARF8_151-190,67608.15532
ZMARF26_231-264,67606.34473
ARF7_211-250,67592.45023
PPARFC1B_81-120,67565.76887
MPARF2_281-320,67557.98159
ARF7_611-650,67540.38952
ZMARF26_131-170,67528.23738
ZMARF24_221-260,67527.50843
ZMARF1_91-130,67526.16572
ZMARF7_151-190,67517.87098
ZMARF9_201-240,67496.42213
PPARFC1A_101-140,67470.3351
ARF20_111-142,67457.91516
MPARF2_221-260,67441.09662
ZMARF34_1-40,67437.09003
PPARFD1_121-160,67432.97161
ARF17_111-150,67393.36016
ZMARF28_151-190,67380.01604
ZMARF22_161-200,67376.95785
ZMARF22_261-300,67374.33303
ZMARF13_111-150,67356.61603
LFY_101-140,67355.51987
ZMARF18_101-140,67343.81939
ARF7_481-520,67321.55226
PPARFA4_211-250,67311.0661
ZMARF38_11-50,67297.68679
ZMARF3_71-110,67287.88979
ARF8_101-140,67280.31089
ZMARF9_241-280,67271.73951
ARF7_631-670,67264.78071
ZMARF16_371-410,67258.79935
ARF1_151-186,67254.96353
PPARFC2_161-200,67251.68835
ZMARF29_161-200,67235.7127
ZMARF20_361-400,67234.11013
ZMARF27_331-370,67226.03191
PPARFC1A_211-250,67221.56818
MPARF1_151-190,67212.7718
PPARFD1_171-210,67207.88871
ZMARF29_81-120,67206.76116
ZMARF28_261-300,67206.20958
PPARFD2_281-320,67198.89749
ZMARF4_391-430,67191.45575
ZMARF2_171-210,67174.18612
ZMARF5_21-60,67160.30646
ZMARF11_51-90,67144.10595
PPARFA8_221-260,67134.06276
PPARFC1A_341-380,67123.97701
ZMARF29_71-110,67091.93767
ARF10_131-170,67061.97365
ZMARF20_291-330,67055.11234
ZMARF12_151-190,67040.11345
ZMARF15_141-180,67032.58895
ZMARF20_571-610,67025.60435
ZMARF3_171-210,67007.19767
PPARFB3_111-150,67001.63381
PPARFA8_111-150,66985.97174
ARF16_61-100,66973.73507
PPARFD1_111-150,66969.80011
ZMARF9_281-320,66969.30099
ZMARF34_261-300,66961.90732
ZMARF27_551-582,66960.34455
PPARFA4_151-190,66958.59639
MPARF2_111-150,66945.32215
ARF22_11-50,66940.7214
RAP2.2_101-140,66938.30018
ZMARF23_121-160,66882.16665
PPARFD1_21-60,66849.62344
ZMARF35_401-440,66837.09787
PPARFA6_41-80,66821.64003
ZMARF13_271-310,66821.08548
ARF22_51-90,66815.02251
ZMARF36_81-120,66803.17734
ZMARF1_201-240,66799.11594
ZMARF34_61-100,66784.31701
PPARFA3_141-180,66759.44266
ARF7_81-120,66753.80111
ZMARF30_1-40,66743.38819
ARF13_21-60,66725.89517
ARF4_131-170,66715.23898
ARF10_141-180,66713.91132
SCR_61-100,66706.26006
PPARFA7_101-140,66673.11731
PPARFA1_81-120,66667.67338
ZMARF28_131-170,66640.09304
ARF7_451-490,66633.65015
ZMARF30_101-140,66632.24967
ZMARF27_121-160,66621.36706
PPARFA1_71-110,66618.59379
ARF10_31-70,66617.36622
ZMARF22_101-140,66612.22366
LFY_371-410,66605.00854
ARF3_161-194,66572.89662
ZMARF14_11-50,66569.41998
ZMARF1_231-270,66522.59094
ZMARF12_51-90,66518.76454
ARF8_211-250,66487.71831
SHR_81-120,66483.74559
ZMARF26_161-200,66481.16992
ZMARF27_251-290,66471.4947
ARF8_111-150,66470.90228
ZMARF20_161-200,66463.03238
ARF20_61-100,66460.51902
MPARF2_201-240,66409.95695
MPARF3_171-210,66398.14004
PPARFB3_221-260,66396.5069
ZMARF36_111-150,66387.5965
ARF16_101-140,66387.06524
SCR_1-40,66375.71139
ZMARF16_261-300,66341.68067
PPARFB1_211-250,66319.78472
ARF2_231-270,66282.93601
MPARF2_71-110,66246.96066
ZMARF1_181-220,66244.57483
HRE1_ERF73_41-80,66236.41
ARF21_91-130,66235.50442
ZMARF30_141-180,66235.50171
ARF13_51-90,66218.47537
ARF19_251-290,66198.10662
PPARFC2_131-170,66181.79722
ARF7_511-550,66181.61386
MPARF3_301-340,66167.37018
PPARFA1_141-180,66161.542
ARF7_351-390,66156.81593
SHR_71-110,66149.13363
ZMARF18_111-150,66097.27497
ARF14_111-150,66089.5013
PPARFA8_141-180,66056.67939
ARF7_291-330,66056.60498
ZMARF30_201-240,66034.97885
ARF12_71-110,66018.08534
ZMARF20_51-90,66017.00133
ARF6_161-200,65978.39665
ZMARF25_201-240,65973.78799
ARF6_221-260,65960.34128
ZMARF3_101-140,65913.8683
ZMARF8_131-170,65900.31389
RAP2.12_271-310,65898.17811
ZMARF8_171-210,65896.01761
ZMARF12_131-170,65895.70992
PPARFA8_101-140,65880.28814
HRE2_ERF71_31-70,65867.50131
SCR_91-130,65847.62276
ZMARF30_311-350,65845.85511
ARF14_51-90,65822.47806
ZMARF11_141-180,65767.47768
ZMARF24_151-190,65762.0348
ZMARF35_381-420,65730.78106
ZMARF25_281-320,65728.09845
ARF6_311-350,65701.44174
ARF7_421-460,65689.70537
ARF19_41-80,65680.68108
ZMARF27_291-330,65665.98232
ARF7_221-260,65648.38694
PPARFB4_91-130,65639.18638
ZMARF27_361-400,65616.25014
LFY_91-130,65614.94498
PPARFB1_161-200,65609.05339
ZMARF10_111-150,65598.52985
PPARFB2_131-170,65581.38084
ZMARF1_361-400,65571.92184
ARF16_91-130,65571.62645
ZMARF35_71-110,65567.41689
PPARFA5_1-40,65535.74977
ZMARF20_281-320,65534.97882
RAP2.3_111-150,65518.94624
PPARFC2_51-90,65514.08499
ZMARF24_211-250,65493.03111
ARF2_91-130,65482.49136
ZMARF35_331-370,65482.18497
ZMARF14_51-90,65462.38119
MPARF2_291-330,65458.90799
ARF19_451-490,65434.39627
ZMARF22_281-320,65404.14347
PPARFB4_181-220,65403.79516
MPARF2_91-130,65402.78121
ARF19_81-120,65387.13458
MPARF1_161-200,65375.79733
HRE2_ERF71_51-90,65368.64549
PPARFA1_131-170,65353.8757
ZMARF8_181-220,65353.21567
PPARFB3_11-50,65346.52796
ZMARF16_111-150,65333.50497
ZMARF34_321-360,65327.48062
ARF3_141-180,65284.58814
RAP2.2_1-40,65279.07254
PPARFA1_61-100,65256.75365
ZMARF20_451-490,65253.15437
ARF3_11-50,65227.08481
ARF14_21-60,65219.49142
ZMARF34_71-110,65200.00806
ARF7_601-640,65194.79494
PPARFB3_281-320,65191.68333
ARF8_181-220,65174.81701
ZMARF3_61-100,65173.8781
ZMARF10_261-300,65171.09622
ZMARF12_231-265,65153.48386
ZMARF9_81-120,65124.17738
ZMARF27_501-540,65096.06972
ARF8_171-210,65086.28921
ZMARF20_561-600,65056.04714
ARF14_101-140,65049.77275
ZMARF13_311-350,64998.04818
PPARFA3_321-358,64992.24377
ZMARF9_71-110,64959.98068
ARF19_161-200,64943.15825
PPARFC1A_161-200,64920.26035
ZMARF7_181-220,64913.59009
MPARF2_61-100,64886.13443
ARF21_111-150,64864.16857
ZMARF13_291-330,64844.98575
PPARFC1B_281-320,64835.52985
MPARF3_61-100,64825.16415
PPARFA1_301-340,64822.49061
ZMARF35_161-200,64797.8336
ZMARF27_261-300,64795.56117
ZMARF16_221-260,64794.77913
ARF18_71-110,64744.40098
ZMARF25_271-310,64728.84046
PPARFA4_181-220,64726.9572
ARF7_91-130,64708.46974
ZMARF30_281-320,64699.11642
ARF3_31-70,64693.5442
PPARFA8_1-40,64681.21985
LFY_121-160,64675.30409
ZMARF16_201-240,64660.41187
ZMARF9_151-190,64627.7738
ZMARF38_121-160,64618.36768
ZMARF3_211-250,64602.52159
PPARFB3_231-270,64543.3357
ARF16_121-160,64526.52668
PPARFA4_91-130,64515.30519
ARF14_31-70,64487.21457
ARF4_11-50,64474.09908
PPARFB1_91-130,64462.86713
PPARFB3_151-190,64461.39922
ZMARF23_201-240,64437.94382
HRE2_ERF71_71-110,64426.43986
MPARF2_271-310,64418.71384
ZMARF35_371-410,64414.85238
ZMARF18_71-110,64398.04629
RAP2.2_121-160,64380.67931
PPARFB3_211-250,64375.03953
ZMARF13_61-100,64367.39037
MPARF3_141-180,64362.50021
ZMARF21_91-130,64347.22336
PPARFD1_181-220,64342.51063
ARF4_151-190,64324.8215
ARF18_61-100,64321.53194
ARF19_351-390,64313.45076
ARF17_101-140,64297.84209
ARF8_231-270,64292.53299
PPARFC1B_141-180,64229.75542
ZMARF25_81-120,64211.47837
ZMARF9_171-210,64187.98176
PPARFD1_41-80,64183.09114
PPARFC1B_181-220,64171.20303
ZMARF23_171-210,64169.8352
RAP2.12_51-90,64147.30223
ZMARF7_11-50,64123.16765
ZMARF20_131-170,64119.80966
ZMARF13_101-140,64110.5116
ARF4_181-220,64059.16012
PPARFC1A_261-300,64048.74792
MPARF3_291-330,64044.41129
ZMARF2_111-150,64042.1206
RAP2.3_81-120,64026.82007
ARF12_51-90,64019.73399
ZMARF9_141-180,63985.1219
ZMARF36_151-190,63966.88907
ARF15_101-140,63943.79191
SCR_41-80,63934.70144
PPARFC1B_171-210,63917.54966
ZMARF16_121-160,63912.55559
PPARFB1_41-80,63907.35343
ZMARF35_221-260,63874.69301
SCR_161-200,63873.13576
ZMARF28_231-270,63869.39678
ARF15_11-50,63868.84584
ZMARF20_191-230,63866.59468
PPARFD1_141-180,63861.49146
ZMARF1_171-210,63847.35108
ZMARF1_431-470,63844.8155
HRE2_ERF71_11-50,63818.9425
ARF5_151-190,63810.30904
ZMARF29_51-90,63801.5335
ZMARF27_271-310,63787.84589
ZMARF38_161-194,63770.43155
PPARFA5_251-283,63761.61173
ZMARF8_31-70,63749.87876
ZMARF26_221-260,63738.8655
ARF8_91-130,63734.40317
ZMARF35_281-320,63716.14806
PPARFD1_101-140,63705.35413
ZMARF26_1-40,63670.9068
ARF6_241-280,63669.91572
PPARFA4_31-70,63668.1711
ARF2_191-230,63654.81372
PPARFC1B_161-200,63638.64859
ARF19_381-420,63636.20447
PPARFA5_111-150,63622.2091
ARF16_21-60,63608.26594
PPARFC1A_321-360,63607.942
ARF5_211-250,63599.37257
ZMARF34_11-50,63584.9838
ZMARF1_391-430,63550.28081
ZMARF3_51-90,63541.7545
ARF9_81-120,63516.9712
PPARFB4_131-170,63480.47128
ARF20_71-110,63464.69693
ZMARF13_211-250,63409.51311
ARF19_321-360,63408.55972
PPARFB4_141-180,63407.84471
ZMARF20_421-460,63407.04741
PPARFA5_241-280,63346.42754
ZMARF30_131-170,63322.20701
ARF8_141-180,63307.65557
PPARFA4_81-120,63290.14121
ARF14_81-120,63280.23763
ARF5_51-90,63276.65837
PPARFA6_151-190,63273.15371
ZMARF1_421-460,63267.77808
LFY_171-210,63239.89311
ZMARF14_91-130,63234.35639
ARF1_1-40,63187.89043
ARF21_101-140,63180.19358
PPARFC1A_331-370,63145.6618
PPARFB3_141-180,63140.99368
ZMARF1_71-110,63128.07649
SCR_31-70,63112.496
ARF21_11-50,63104.71166
PPARFC1A_281-320,63086.08687
PPARFB3_31-70,63068.75821
PPARFC1A_311-350,63045.71943
ARF2_131-170,63045.64988
PPARFA4_171-210,63027.74048
ARF15_81-120,63013.35536
PPARFB4_51-90,63002.63729
ZMARF1_311-350,62996.59448
ZMARF38_21-60,62987.76819
PPARFB1_51-90,62972.89416
PPARFA3_51-90,62897.72845
ZMARF30_171-210,62882.35057
PPARFC2_121-160,62879.26179
ZMARF3_181-220,62862.30196
ARF2_241-280,62821.2969
ARF5_321-360,62821.27571
ZMARF27_241-280,62814.13523
ARF6_181-220,62813.77025
ZMARF1_191-230,62809.81497
PPARFA4_41-80,62787.92161
ZMARF1_61-100,62776.78388
ZMARF11_11-50,62763.56663
ZMARF36_61-100,62736.91568
ZMARF29_411-450,62730.68145
ZMARF11_171-210,62725.05542
ARF3_61-100,62718.28892
PPARFB4_61-100,62692.10847
ZMARF28_1-40,62658.23047
ZMARF14_71-110,62626.85603
PPARFB2_111-150,62623.85344
ZMARF25_1-40,62612.80313
ZMARF30_71-110,62612.52945
PPARFD2_261-300,62581.58586
PPARFA3_281-320,62578.81871
ZMARF25_251-290,62563.39921
ZMARF26_201-240,62562.7504
ZMARF4_211-250,62559.28758
PPARFA3_151-190,62506.65719
PPARFC1A_181-220,62468.3948
ZMARF27_421-460,62467.33332
PPARFA5_61-100,62445.87746
ZMARF27_71-110,62442.86527
ZMARF34_161-200,62434.40558
ARF19_171-210,62428.47117
ARF2_41-80,62393.42999
ZMARF22_191-230,62341.90245
ZMARF11_151-190,62336.89398
SCR_251-290,62329.11086
PPARFC2_111-150,62328.28085
ARF18_11-50,62325.527
ZMARF9_11-50,62325.05237
ARF5_351-390,62313.07988
ZMARF4_91-130,62295.26861
ARF7_231-270,62282.86176
PPARFB4_101-140,62267.11491
MPARF2_261-300,62260.38319
ARF21_61-100,62163.73323
ZMARF9_191-230,62158.30165
ZMARF20_551-590,62155.50802
ARF17_131-170,62148.15681
RAP2.12_1-40,62146.59786
ZMARF8_241-280,62135.30678
ARF7_391-430,62103.56869
PPARFA3_121-160,62054.67011
ARF22_61-100,62037.32511
PPARFB1_101-140,62027.47045
PPARFD2_201-240,61991.03079
ZMARF28_41-80,61963.60317
RAP2.3_71-110,61933.03202
PPARFB4_271-310,61911.2133
ZMARF14_101-140,61877.82707
ARF1_21-60,61858.26493
ZMARF12_31-70,61849.88444
ARF14_41-80,61845.57413
ZMARF29_181-220,61837.48804
ZMARF13_221-260,61832.6035
ARF5_171-210,61821.82585
ZMARF26_101-140,61809.6925
ARF19_271-310,61787.73529
ZMARF24_171-210,61777.81052
ZMARF10_1-40,61776.55772
RAP2.12_191-230,61692.88613
ZMARF31_31-70,61681.40539
ARF1_111-150,61646.90116
PPARFD2_251-290,61634.15046
ZMARF23_181-220,61616.22909
PPARFD2_271-310,61594.13621
ZMARF38_131-170,61581.11173
ARF5_101-140,61570.07253
ARF12_101-140,61564.65848
ARF2_151-190,61537.76429
PPARFA7_81-120,61518.63755
HRE2_ERF71_91-130,61516.44378
ARF19_421-460,61513.98831
PPARFB2_51-90,61508.74882
PPARFC2_221-260,61471.51906
ARF7_171-210,61455.54633
ZMARF8_211-250,61443.64017
PPARFD2_221-260,61423.72536
ZMARF17_131-170,61403.01018
ZMARF7_131-170,61384.96154
PPARFA6_171-210,61373.55509
SCR_151-190,61344.59945
ZMARF12_71-110,61334.70998
ZMARF16_91-130,61332.65833
ZMARF27_91-130,61325.47962
ZMARF16_321-360,61314.38597
MPARF2_161-200,61307.93239
ZMARF27_481-520,61298.59358
ZMARF15_201-240,61296.18621
ARF16_31-70,61260.44494
PPARFA6_111-150,61232.87055
ZMARF3_121-160,61222.7667
ARF8_241-280,61216.32039
ARF21_81-120,61189.32588
ARF19_401-440,61160.56023
ARF12_91-130,61145.30299
PPARFB2_31-70,61141.34815
ZMARF20_141-180,61114.585
ZMARF35_131-170,61105.86122
ZMARF27_131-170,61054.47052
ARF13_41-80,61048.00167
ARF19_151-190,61023.74353
ARF19_61-100,60999.77127
PPARFC1A_191-230,60977.2135
ZMARF4_41-80,60957.47539
PPARFB2_171-210,60937.7687
ARF19_391-430,60925.72447
PPARFA8_181-220,60924.79739
ZMARF27_341-380,60917.08433
ZMARF27_321-360,60899.08966
ARF2_31-70,60885.87997
ZMARF29_111-150,60837.96491
MPARF2_211-250,60821.95858
ARF7_471-510,60817.86838
ARF7_531-570,60810.21197
PPARFC1B_271-310,60807.21819
ARF15_91-130,60807.00086
ZMARF20_151-190,60792.96447
PPARFA4_11-50,60770.65467
ZMARF4_151-190,60756.85159
ZMARF22_251-290,60744.2177
ZMARF15_81-120,60737.71039
ZMARF15_191-230,60716.13094
PPARFD1_221-260,60687.74381
ARF7_271-310,60661.2707
PPARFD1_271-308,60654.83746
ARF21_121-156,60648.32939
ARF19_341-380,60619.44616
PPARFB3_341-375,60612.93507
ARF20_51-90,60609.23271
PPARFD1_11-50,60609.10782
ZMARF15_101-140,60604.8326
ZMARF21_171-210,60596.18477
ZMARF20_321-360,60588.7142
MPARF3_321-360,60582.85956
ARF14_71-110,60560.67736
ZMARF12_61-100,60555.64287
ARF9_101-140,60553.695
ZMARF25_291-330,60518.18391
PPARFC2_41-80,60462.82048
ARF3_1-40,60447.81741
ARF7_261-300,60418.59554
PPARFB4_171-210,60398.10627
ZMARF30_271-310,60347.72758
PPARFC1A_231-270,60347.41551
ZMARF21_21-60,60339.57955
PPARFB3_261-300,60333.96528
ZMARF36_101-140,60316.34805
PPARFA6_241-280,60315.27771
RAP2.3_91-130,60304.91677
PPARFA5_71-110,60273.54949
PPARFC1B_211-250,60273.43076
PPARFA8_211-250,60212.22308
ZMARF25_31-70,60201.60918
ZMARF35_321-360,60150.3737
PPARFC1A_271-310,60126.22861
PPARFB3_291-330,60124.8442
PPARFA5_231-270,60123.07515
ZMARF9_111-150,60121.33844
ARF7_141-180,60115.3127
PPARFA7_221-260,60103.40438
ARF16_111-150,60088.91237
ARF2_301-337,60080.98755
PPARFA8_201-240,60078.54196
PPARFC2_251-288,60077.01872
ZMARF20_181-220,60072.58997
MPARF1_1-40,60071.00615
ZMARF23_31-70,60067.30829
PPARFC1B_261-300,60062.70275
PPARFC1A_151-190,60060.82831
ZMARF34_21-60,60058.7887
ARF21_51-90,60045.64367
RAP2.2_141-180,60030.06557
ZMARF9_21-60,60019.89094
PPARFC1B_71-110,60013.30392
PPARFC2_61-100,59996.85021
ZMARF26_181-220,59973.34743
ZMARF7_191-230,59970.32877
ZMARF21_131-170,59960.32655
SHR_51-90,59958.45813
MPARF2_131-170,59956.47442
PPARFA4_101-140,59940.83289
ZMARF16_81-120,59931.45445
ZMARF22_201-240,59924.10563
ZMARF5_61-100,59868.2881
PPARFA3_241-280,59858.83254
ARF16_141-180,59855.60387
ARF6_291-330,59827.78836
PPARFD2_231-270,59781.03937
ARF5_81-120,59741.6627
ARF19_281-320,59717.51858
ZMARF13_91-130,59713.28746
ZMARF30_91-130,59711.72762
HRE2_ERF71_21-60,59692.98489
ZMARF9_271-310,59645.16063
ZMARF11_181-220,59588.86472
LFY_361-400,59587.5035
ARF4_161-200,59556.19559
ARF17_31-70,59551.67201
ARF5_31-70,59550.95179
MPARF1_91-130,59540.67722
ARF7_331-370,59536.16735
ZMARF29_121-160,59523.61568
ZMARF13_51-90,59517.89621
ZMARF35_471-510,59496.13732
ARF12_111-150,59476.91742
MPARF3_251-290,59455.09701
PPARFA7_181-220,59454.45934
ARF12_81-120,59438.63267
PPARFC1B_291-330,59437.80586
PPARFC1B_91-130,59418.83171
ZMARF23_221-260,59405.90537
ARF19_111-150,59380.96115
ZMARF5_51-90,59375.62268
ZMARF24_121-160,59339.9679
ZMARF12_171-210,59332.60767
ARF4_71-110,59315.63791
ARF9_21-60,59309.4759
ZMARF1_571-606,59284.11117
ARF21_21-60,59253.4478
ARF16_81-120,59235.18684
MPARF2_11-50,59232.71625
ARF6_281-320,59187.23382
LFY_151-190,59186.09777
PPARFA6_61-100,59177.98719
MPARF1_111-150,59173.67875
ZMARF27_181-220,59130.64587
ZMARF13_251-290,59128.22358
MPARF1_61-100,59127.05347
ZMARF8_191-230,59084.13842
ZMARF25_11-50,59066.66611
PPARFA5_181-220,59052.40337
ARF9_111-150,59030.36719
PPARFD2_211-250,58959.64384
SCR_71-110,58941.87336
ZMARF20_111-150,58924.17735
ZMARF10_61-100,58887.75681
ARF20_41-80,58885.67493
PPARFD1_241-280,58878.62283
ARF15_51-90,58877.55379
PPARFD1_91-130,58856.11072
RAP2.12_141-180,58804.16177
ARF19_71-110,58793.47384
ARF22_81-120,58773.67423
PPARFD1_161-200,58761.40987
ZMARF35_51-90,58715.32963
ZMARF27_231-270,58681.72217
ARF5_161-200,58678.32416
PPARFA5_101-140,58670.83364
ZMARF22_221-260,58659.63407
ZMARF25_21-60,58658.0825
ZMARF28_61-100,58656.25253
PPARFC1A_301-340,58635.74952
ZMARF27_211-250,58622.93394
MPARF3_191-230,58622.60765
ZMARF17_111-150,58611.34819
ZMARF20_411-450,58609.47826
ZMARF35_201-240,58571.62462
ZMARF33_41-80,58569.02688
ARF15_111-150,58541.15089
MPARF2_101-140,58521.73977
ZMARF8_291-330,58484.32521
ZMARF13_321-360,58455.00896
ZMARF29_21-60,58453.6626
PPARFB4_261-300,58433.02983
MPARF3_211-250,58401.17329
LFY_201-240,58369.29062
ZMARF36_141-180,58364.20214
ZMARF33_11-50,58354.42634
ZMARF34_151-190,58344.4058
ARF17_141-180,58337.16253
ZMARF35_101-140,58156.96836
PPARFD2_71-110,58155.5259
PPARFD2_61-100,58154.00851
ZMARF7_51-90,58148.7526
PPARFA4_71-110,58139.76717
ZMARF4_201-240,58122.28195
ARF4_191-230,58120.23412
PPARFC1A_111-150,58116.14297
ZMARF5_111-150,58078.81272
ZMARF1_241-280,58078.29874
ZMARF35_301-340,58067.31647
ZMARF11_201-240,58056.48296
ZMARF4_161-200,58048.79012
ZMARF20_61-100,58001.61379
RAP2.12_151-190,57985.60854
ZMARF29_151-190,57983
ARF3_121-160,57981.92143
ZMARF35_61-100,57967.15196
ZMARF27_311-350,57967.06334
PPARFA7_191-230,57909.35698
ARF8_131-170,57906.86844
ZMARF31_11-50,57906.17588
ZMARF25_61-100,57896.27817
ARF7_111-150,57817.2975
ZMARF27_141-180,57799.41309
ZMARF12_221-260,57787.6041
ARF19_291-330,57771.44378
PPARFC1B_251-290,57771.28274
ARF6_211-250,57758.64455
ZMARF12_41-80,57699.3219
ARF15_61-100,57699.12938
PPARFB3_51-90,57681.10424
PPARFA6_1-40,57633.18377
HRE1_ERF73_31-70,57615.80125
ZMARF21_11-50,57600.73112
ZMARF10_301-333,57581.54402
MPARF3_271-310,57563.27989
ZMARF26_191-230,57525.2345
PPARFA7_241-280,57509.1496
PPARFA1_221-260,57506.41434
ZMARF7_121-160,57482.6949
ZMARF38_141-180,57481.25667
ARF11_1-40,57478.09576
ARF7_441-480,57474.1182
ARF18_31-70,57464.66139
SCR_171-210,57430.6954
PPARFC1B_231-270,57423.51176
ZMARF13_331-364,57405.64502
ZMARF4_141-180,57401.47745
ZMARF8_1-40,57389.01529
PPARFB2_201-231,57356.37534
ARF12_61-100,57319.5491
ARF10_151-190,57319.04296
LFY_111-150,57282.2294
ARF7_131-170,57269.15976
ZMARF21_101-140,57232.14602
ARF16_131-170,57109.30251
ZMARF14_21-60,57023.32681
ZMARF10_71-110,56975.69495
ZMARF12_211-250,56935.26236
ZMARF2_151-190,56927.68032
ZMARF13_71-110,56906.84032
PPARFB3_91-130,56904.04464
ARF11_11-50,56883.75316
PPARFB4_31-70,56867.129
ZMARF35_461-500,56780.44241
PPARFB3_161-200,56780.13323
ARF19_311-350,56774.30659
PPARFA1_171-210,56763.78127
ZMARF9_131-170,56745.78018
ZMARF20_241-280,56715.46823
PPARFB1_231-270,56695.71287
ZMARF27_351-390,56620.15935
ARF4_171-210,56592.9997
PPARFC1B_191-230,56585.58061
ZMARF28_71-110,56575.17365
ARF6_191-230,56570.48473
ARF5_331-370,56503.70534
ZMARF29_61-100,56488.77989
ZMARF29_201-240,56485.46719
ZMARF8_71-110,56475.98862
ZMARF28_31-70,56469.73463
ARF2_291-330,56432.53621
PPARFA4_51-90,56421.48227
ZMARF8_51-90,56382.49198
ZMARF27_201-240,56373.66006
ZMARF29_131-170,56313.14422
ZMARF1_381-420,56283.05762
MPARF2_151-190,56279.40253
PPARFD2_1-40,56259.37314
PPARFA3_41-80,56202.10369
ARF19_121-160,56193.31762
ZMARF24_111-150,56188.07928
ARF7_121-160,56155.5797
ARF6_141-180,56154.43096
ZMARF21_181-220,56151.98315
ZMARF21_141-180,56138.84769
PPARFC1B_221-260,56121.29635
RAP2.3_41-80,56118.23796
ARF15_21-60,56117.73825
ZMARF29_171-210,56092.93222
ZMARF1_221-260,56025.27571
ARF18_81-120,56022.137
RAP2.2_171-210,55907.77852
ZMARF26_141-180,55807.25696
SCR_21-60,55779.55013
PPARFB2_181-220,55775.26128
ZMARF17_121-160,55758.39649
ZMARF9_291-330,55756.93987
ARF6_201-240,55750.46621
ZMARF20_41-80,55711.70606
PPARFA1_161-200,55696.95407
ARF10_71-110,55676.50251
ARF19_241-280,55636.59936
ARF19_181-220,55629.66242
ZMARF27_301-340,55579.89466
ARF11_91-130,55560.81586
ZMARF33_21-60,55552.80895
RAP2.2_271-310,55541.94964
ZMARF8_41-80,55524.20623
ARF7_321-360,55523.81026
ARF14_121-155,55517.15084
ZMARF3_251-290,55513.09703
PPARFC1A_251-290,55512.04586
ZMARF15_151-190,55498.64546
ZMARF15_61-100,55495.17954
PPARFB1_31-70,55478.72782
ARF4_141-180,55444.88157
ARF22_91-130,55411.5523
ARF7_381-420,55386.67011
HRE2_ERF71_81-120,55382.81781
HRE1_ERF73_91-130,55307.5086
ZMARF38_151-190,55285.72238
ARF12_21-60,55274.47691
PPARFD1_261-300,55272.54439
ZMARF8_281-320,55264.49801
ZMARF8_81-120,55261.34669
ARF7_191-230,55208.66733
ARF7_181-220,55173.46192
ARF7_101-140,55146.49604
ZMARF23_191-230,55072.38404
RAP2.12_121-160,55052.69494
ZMARF4_131-170,54976.67952
HRE2_ERF71_1-40,54967.35954
ZMARF25_41-80,54963.81364
ZMARF28_11-50,54954.01854
ZMARF33_1-40,54915.48613
ZMARF28_211-250,54860.41599
ZMARF34_271-310,54846.60478
RAP2.12_221-260,54841.99522
ZMARF27_171-210,54802.03397
ARF5_131-170,54766.36094
PPARFA3_211-250,54749.47905
ZMARF3_151-190,54730.34507
ZMARF20_231-270,54721.72968
ARF7_311-350,54699.75019
PPARFD1_71-110,54694.38464
PPARFA5_91-130,54682.9444
ZMARF22_141-180,54644.46273
ZMARF10_291-330,54632.24447
SHR_1-40,54586.02172
PPARFC1B_201-240,54584.78691
ZMARF1_261-300,54576.60392
PPARFB1_241-280,54506.04922
PPARFA5_11-50,54498.27731
ZMARF8_61-100,54342.22006
MPARF3_221-260,54334.62695
ARF19_131-170,54324.81213
MPARF1_101-140,54307.19183
ARF7_161-200,54284.99609
RAP2.2_151-190,54275.78365
PPARFC2_151-190,54258.93535
ZMARF25_161-200,54220.86002
SCR_181-220,54172.78441
ARF7_361-400,54171.59525
ZMARF27_371-410,54170.5795
PPARFA6_11-50,54153.13853
SCR_201-240,54131.46911
ARF12_11-50,54107.09839
ZMARF2_141-180,54058.70187
PPARFA3_131-170,54013.83729
ZMARF30_151-190,54001.89215
ZMARF4_171-210,53977.23152
ZMARF35_441-480,53826.08935
MPARF1_181-220,53787.03411
PPARFA4_121-160,53779.48624
ZMARF27_61-100,53774.2525
LFY_161-200,53760.07645
ARF2_211-250,53739.82466
ZMARF11_191-230,53710.07321
ARF7_301-340,53708.40992
ARF9_61-100,53702.24573
ZMARF35_211-250,53675.0167
ARF22_111-150,53659.71366
ZMARF20_211-250,53639.53278
ARF6_261-300,53634.63917
ARF3_111-150,53624.29678
ARF7_151-190,53555.55314
ARF22_21-60,53537.07406
ZMARF22_121-160,53529.98866
ZMARF8_21-60,53495.7207
ZMARF29_91-130,53483.02604
ZMARF25_211-250,53456.84157
ARF11_31-70,53443.25245
ZMARF3_231-270,53370.04639
ZMARF35_231-270,53369.98768
ARF10_161-196,53350.18231
ZMARF7_141-180,53306.48607
MPARF3_261-300,53298.70889
LFY_81-120,53261.37794
ZMARF18_11-50,53256.31396
ZMARF11_1-40,53231.00649
PPARFC2_231-270,53218.24915
ZMARF10_41-80,53210.00342
ZMARF21_161-200,53197.16491
ZMARF26_171-210,53173.32111
ARF7_461-500,53137.20162
ZMARF20_71-110,53098.83167
PPARFA1_151-190,53057.24457
ARF16_41-80,53017.00266
ZMARF22_111-150,52994.04027
ZMARF20_301-340,52974.93647
ARF1_141-180,52973.8849
PPARFA6_191-230,52972.90933
ZMARF20_221-260,52961.35101
ARF11_81-120,52873.70182
ZMARF16_131-170,52862.83386
ARF2_261-300,52855.64865
ZMARF4_191-230,52827.60607
ARF2_121-160,52800.11968
ZMARF10_11-50,52773.79758
ZMARF1_401-440,52697.06677
ARF5_91-130,52667.81267
ZMARF23_211-250,52649.23518
ZMARF27_391-430,52575.91237
ZMARF3_241-280,52571.70305
ZMARF21_31-70,52545.25994
PPARFC2_241-280,52531.47668
MPARF1_51-90,52507.22663
MPARF2_141-180,52411.79839
ZMARF13_281-320,52394.69365
ARF8_121-160,52392.28005
PPARFA6_121-160,52388.10468
VP16C,52340.51776
ARF1_121-160,52333.98877
ZMARF4_181-220,52318.45696
ZMARF9_121-160,52313.29397
MPARF1_121-160,52278.27191
MPARF2_21-60,52210.07427
ZMARF8_251-290,52191.36201
ARF18_91-130,52175.67904
PPARFA4_161-200,52174.08166
ZMARF27_191-230,52030.54561
ARF19_371-410,52003.49488
LFY_141-180,51960.33361
ZMARF28_21-60,51918.55063
ZMARF15_111-150,51860.72417
PPARFA4_111-150,51834.72722
ZMARF13_301-340,51811.16385
ZMARF23_1-40,51710.47547
HRE1_ERF73_111-150,51701.75
ARF6_251-290,51632.13512
SCR_51-90,51607.95433
ARF5_121-160,51568.90135
ZMARF5_31-70,51527.67525
ZMARF7_81-120,51478.54016
ARF7_201-240,51465.57426
ARF17_151-190,51431.69917
ZMARF25_51-90,51346.93735
RAP2.12_161-200,51330.95028
PPARFB3_21-60,51313.40551
ARF6_271-310,51279.89079
ZMARF30_181-220,51267.76691
ZMARF7_171-210,51267.18703
ZMARF15_71-110,51249.15499
ARF6_301-340,51102.66659
PPARFB3_41-80,51089.27199
LFY_381-420,51083.77105
ZMARF27_81-120,50906.83316
ARF6_231-270,50904.36374
PPARFB2_41-80,50849.93394
ZMARF4_101-140,50756.91635
SCR_191-230,50709.88973
ZMARF10_271-310,50681.68845
ARF19_51-90,50657.18464
ARF6_131-170,50622.80118
ZMARF7_161-200,50590.51202
ZMARF15_181-220,50590.08835
ARF6_81-120,50510.98936
ARF9_121-160,50486.88606
PPARFA1_121-160,50471.43023
ARF4_1-40,50434.39392
ARF7_341-380,50369.03139
ZMARF5_41-80,50315.391
ZMARF21_191-230,50272.72393
ZMARF2_161-200,50169.20858
RAP2.12_171-210,50158.51403
RAP2.12_181-220,50141.77523
ZMARF30_121-160,50080.95546
ZMARF1_341-380,50032.90732
PPARFB4_21-60,50009.62827
ZMARF20_441-480,49882.76557
ZMARF15_171-210,49853.65971
ARF19_301-340,49763.79756
PPARFA5_161-200,49710.53178
ZMARF29_101-140,49639.46978
ZMARF20_431-470,49636.06493
ZMARF20_201-240,49604.51906
ZMARF20_171-210,49545.57458
ZMARF27_221-260,49397.67422
ARF1_131-170,49356.2902
MPARF2_31-70,49317.89563
ZMARF8_261-300,49305.97445
ZMARF17_81-120,49298.24584
ARF19_101-140,49226.26456
ZMARF2_121-160,49087.12979
ZMARF29_231-270,49043.05592
ARF4_221-257,48894.25134
ZMARF20_311-350,48832.25708
LFY_131-170,48806.54714
ARF6_101-140,48787.73103
ZMARF34_121-160,48768.93201
ZMARF34_141-180,48756.03046
MPARF3_241-280,48744.49526
ARF6_121-160,48720.30055
ARF2_11-50,48653.27488
ARF16_151-190,48621.85692
ZMARF28_111-150,48572.85656
ZMARF27_431-470,48565.69849
ZMARF1_411-450,48405.91669
ARF17_91-130,48211.49071
ZMARF38_111-150,48140.37951
ARF9_131-170,48125.26612
ZMARF36_71-110,47980.87635
PPARFB4_41-80,47964.14112
ARF2_281-320,47898.76262
ZMARF15_91-130,47816.1491
ZMARF27_161-200,47461.12404
ZMARF1_211-250,47442.14075
ZMARF38_101-140,47405.65043
ZMARF22_81-120,47402.08273
ZMARF29_221-260,47383.38594
PPARFB1_11-50,47372.52778
ZMARF12_161-200,47254.53658
ARF10_101-140,47061.1743
ARF17_121-160,46718.39493
ZMARF29_191-230,46630.47608
RAP2.2_281-320,46563.44578
ZMARF16_141-180,46548.75522
ZMARF15_161-200,46277.18959
MPARF1_21-60,46258.27797
ZMARF8_271-310,46176.21138
MPARF1_41-80,46147.59689
ARF7_371-410,46108.95251
ARF6_111-150,46086.10954
MPARF2_301-340,46051.40315
MPARF1_31-70,46040.17346
ZMARF22_131-170,45677.21292
ARF19_361-400,45480.16726
ZMARF4_111-150,45467.38075
ARF2_271-310,45406.36141
ZMARF18_1-40,45368.30808
ZMARF21_151-190,45188.03364
ZMARF2_131-170,45089.54497
ZMARF7_61-100,44914.55729
ARF19_261-300,44873.37369
ZMARF21_201-234,44392.16842
ARF17_161-200,44367.46058
ZMARF35_451-490,44214.21301
ARF22_101-140,44182.7212
ZMARF10_281-320,44107.12775
ZMARF16_151-190,44092.50766
ZMARF16_101-140,44091.1419
ZMARF36_131-170,43823.71795
ZMARF35_171-210,43730.2685
ZMARF8_11-50,43441.81207
ZMARF4_121-160,43401.92637
ZMARF27_411-450,43229.63011
ZMARF1_121-160,42896.64361
MPARF1_11-50,42745.16617
ZMARF34_131-170,42296.886
PPARFB4_1-40,42052.30606
PPARFD2_91-130,41635.90638
RAP2.2_161-200,41223.09476
ZMARF27_401-440,41096.74952
ZMARF35_311-350,40538.80359
ZMARF10_51-90,40350.45732
ARF5_361-400,39524.81284
MPARF3_231-270,39480.47365
ZMARF10_31-70,37800.88682
ZMARF9_321-360,29996.14701
SCR_211-250,29175
ZMARF29_141-180,27251.99347
PPARFD2_81-120,24967.04728
ZMARF35_111-150,22364.98735
ZMARF34_371-403,21950
ARF8_311-346,17342.72925
ARF2_51-90,15828.72841
ZMARF20_81-120,1034
PPARFA7_11-50,1034
