Name,Score,Charge,Hydrophobicity,CountA,CountC,CountD,CountE,CountF,CountG,CountH,CountI,CountK,CountL,CountM,CountN,CountP,CountQ,CountR,CountS,CountT,CountV,CountW,CountY,Aromatics,WLFY,length,fraction_neg,fraction_pos,FCR,NCPR,Kappa,Omega,Sigma,Delta,max_Delta,hydropathy,ADseq
ARF1_71-110,86501.5501,-1.0,0.423888888888889,6,0,1,3,4,3,0,1,3,0,0,5,1,1,0,7,3,1,1,0,5,5,40,0.1,0.075,0.175,-0.025,0.2482478686498405,0.4047573857231948,0.0035714285714285,0.0250496031746031,0.100905612244898,3.815,KSFGVSIGSAFWPTNADSAAESFASAFNNESTEKKQTNGN
ARF1_81-120,90080.6552,-2.0,0.450277777777778,5,1,1,4,5,2,0,0,2,2,0,5,1,1,1,4,3,2,1,0,6,8,40,0.125,0.075,0.2,-0.05,0.2307620626077463,0.2449975475275412,0.0125,0.028661541005291,0.1242038690476191,4.052499999999999,FWPTNADSAAESFASAFNNESTEKKQTNGNVCRLFGFELV
ARF13_11-50,80425.3382,3.0,0.443333333333333,1,1,0,2,0,2,1,3,4,5,1,3,2,3,1,6,2,1,2,0,2,7,40,0.05,0.125,0.175,0.075,0.6501974854960286,0.3293871261191692,0.0321428571428571,0.0636918934240362,0.0979577664399092,3.989999999999999,SSLKKKKHWLQLNEIGATLSNLWTCQEIGQRSMNSPISVP
ARF17_11-50,109620.001,-1.0,0.439444444444444,4,0,3,1,2,6,0,1,2,4,0,0,8,2,1,4,0,0,0,2,4,8,40,0.1,0.075,0.175,-0.025,0.7000238767398412,0.2622107181722615,0.0035714285714285,0.0706363378684807,0.100905612244898,3.954999999999999,PFPPAKRLKYPQPGGGFLSGDDGEILYPQSGLSSAAAPDP
ARF17_51-90,84159.4393,0.0,0.466388888888889,2,0,1,0,6,6,0,1,0,1,2,2,5,3,1,5,3,0,0,2,8,9,40,0.025,0.025,0.05,0.0,0.5538461538461539,0.3306351764953935,0.0,0.0057142857142857,0.0103174603174603,4.197499999999999,SPSMFSYSTFPAGMQGARQYDFGSFNPTGFIGGNPPQLFT
ARF17_61-100,99466.3116,-1.0,0.463611111111111,2,0,2,0,5,6,0,1,0,4,1,4,6,3,1,2,2,0,0,1,6,10,40,0.05,0.025,0.075,-0.025,0.3104560786039008,0.3364103894732531,0.0083333333333333,0.0070006613756613,0.0225496031746031,4.172499999999999,PAGMQGARQYDFGSFNPTGFIGGNPPQLFTNNFLSPLPDL
ARF19_11-50,115500.323,-2.0,0.370277777777778,2,0,5,3,4,3,0,0,3,1,5,1,7,1,3,0,0,0,1,1,6,7,40,0.2,0.15,0.35,-0.05,0.4386092303666634,0.0301648672358503,0.0071428571428571,0.1266969009826152,0.2888605442176871,3.3325,PPFFRPKYPRQPGMPDDELDMENAFKRAMPWMGEDFGMKD
ARF19_201-240,85325.5172,1.0,0.424166666666667,2,0,0,1,2,3,1,1,2,3,5,3,1,8,0,5,3,0,0,0,2,5,40,0.025,0.05,0.075,0.025,0.5726646135797039,0.6466585771426004,0.0083333333333333,0.0129133597883597,0.0225496031746031,3.8175,SQLQQQSMLPTGAKMTHQNINSMGNKGLSQMTSFAQEMQF
ARF19_21-60,85352.4557,-5.0,0.418611111111111,3,0,5,3,3,4,0,0,2,2,6,1,4,2,1,3,0,0,1,0,4,6,40,0.2,0.075,0.275,-0.125,0.4484830677638903,0.0856898606680127,0.0568181818181818,0.0817209705277886,0.1822164010232192,3.7675,QPGMPDDELDMENAFKRAMPWMGEDFGMKDAQSSMFPGLS
ARF22_31-70,80902.7992,-2.0,0.4675,1,0,2,2,0,2,1,3,0,5,2,2,4,3,2,4,4,2,0,1,1,6,40,0.1,0.05,0.15,-0.05,0.3337922331210922,0.2884615316118493,0.0166666666666666,0.0256569664902998,0.0768650793650793,4.2075,HLLPPILTQGQEIGQLSVASPMNISLTYRDTTEDVMNPSR
ARF5_181-220,99354.3639,-1.0,0.443333333333333,2,1,3,0,2,2,1,3,2,3,0,2,4,7,0,4,1,2,0,1,3,6,40,0.075,0.05,0.125,-0.025,0.4119268194441503,0.2343961552045766,0.005,0.0231321428571428,0.0561559523809523,3.99,KVNQLLQKPGASSPVQADQCLDITHQIYQPQSDPINGFSF
ARF5_191-230,136932.97,-6.0,0.454722222222222,2,1,4,2,2,1,1,3,0,3,0,1,3,6,0,5,3,2,0,1,3,6,40,0.15,0.0,0.15,-0.15,0.2734782608695652,0.2419903922188318,0.15,0.0249603174603174,0.0912698412698412,4.092499999999999,ASSPVQADQCLDITHQIYQPQSDPINGFSFLETDELTSQV
ARF5_201-240,93492.5139,-5.0,0.464166666666667,1,0,3,2,3,2,1,3,0,4,0,1,2,5,0,7,3,1,0,2,5,9,40,0.125,0.0,0.125,-0.125,0.3768216516308117,0.6278225619149858,0.125,0.0269345238095237,0.0714781746031746,4.177499999999999,LDITHQIYQPQSDPINGFSFLETDELTSQVSSFQSLAGSY
ARF5_221-260,97831.6114,-4.0,0.485833333333333,2,0,3,2,2,1,0,1,1,5,0,0,2,4,0,10,3,3,0,1,3,8,40,0.125,0.025,0.15,-0.1,0.3360488798370672,0.5014661052729439,0.0666666666666666,0.0261904761904762,0.0779365079365079,4.372499999999999,LETDELTSQVSSFQSLAGSYKQPFILSSQDSSAVVLPDST
ARF5_231-270,137047.272,-3.0,0.480833333333333,2,0,4,0,3,1,1,1,1,4,0,1,3,3,0,10,1,3,1,1,5,9,40,0.1,0.025,0.125,-0.075,0.2455166845702791,0.3395437836749082,0.045,0.0142392857142857,0.0579972222222222,4.327499999999999,SSFQSLAGSYKQPFILSSQDSSAVVLPDSTNSPLFHDVWD
ARF5_241-280,112906.968,-3.0,0.456944444444444,1,0,5,0,3,1,1,1,2,5,0,2,3,4,0,6,2,3,1,0,4,9,40,0.125,0.05,0.175,-0.075,0.2132409323051549,0.1899368094263339,0.0321428571428571,0.0208886054421768,0.0979577664399092,4.1125,KQPFILSSQDSSAVVLPDSTNSPLFHDVWDTQLNGLKFDQ
ARF5_251-290,148648.449,-4.0,0.469722222222222,1,0,5,0,3,1,1,0,1,6,1,2,3,4,0,5,2,3,1,1,5,11,40,0.125,0.025,0.15,-0.1,0.1938221317040053,0.1539730169279991,0.0666666666666666,0.0151058201058201,0.0779365079365079,4.227499999999999,SSAVVLPDSTNSPLFHDVWDTQLNGLKFDQFSPLMQQDLY
ARF5_261-300,81284.242,-3.0,0.4475,1,1,4,0,3,1,1,1,1,5,2,4,2,5,0,5,1,1,1,1,5,10,40,0.1,0.025,0.125,-0.075,0.2836274315272352,0.3871968226015467,0.045,0.0164496031746031,0.0579972222222222,4.027499999999999,NSPLFHDVWDTQLNGLKFDQFSPLMQQDLYASQNICMSNS
ARF5_271-310,97494.8404,-2.0,0.463888888888889,1,1,3,0,2,1,0,2,1,6,2,4,3,5,0,5,3,0,0,1,3,9,40,0.075,0.025,0.1,-0.05,0.2549019607843137,0.5720710007801321,0.025,0.0099305555555555,0.0389583333333333,4.174999999999999,TQLNGLKFDQFSPLMQQDLYASQNICMSNSTTSNILDPPL
ARF5_281-320,81035.5177,-4.0,0.496388888888889,2,2,4,0,2,0,0,2,0,5,2,4,3,3,0,6,3,1,0,1,3,8,40,0.1,0.0,0.1,-0.1,0.3125972006220839,0.5975602276142259,0.1,0.0159523809523809,0.051031746031746,4.467499999999999,FSPLMQQDLYASQNICMSNSTTSNILDPPLSNTVLDDFCA
ARF5_291-330,85339.6247,-4.0,0.456944444444444,2,2,5,0,2,0,1,3,1,3,1,5,3,2,0,5,4,1,0,0,2,5,40,0.125,0.025,0.15,-0.1,0.254356189183073,0.48490705169146,0.0666666666666666,0.0198236331569664,0.0779365079365079,4.1125,ASQNICMSNSTTSNILDPPLSNTVLDDFCAIKDTDFQNHP
ARF5_301-340,82792.2151,-4.0,0.456666666666667,1,2,5,0,2,2,1,2,1,4,0,6,3,1,0,3,5,2,0,0,2,6,40,0.125,0.025,0.15,-0.1,0.2543561891830732,0.3449002875417814,0.0666666666666666,0.0198236331569665,0.0779365079365079,4.109999999999999,TTSNILDPPLSNTVLDDFCAIKDTDFQNHPSGCLVGNNNT
ARF5_371-402,105178.658,0.0,0.399305555555555,1,1,3,0,1,4,0,1,2,1,0,2,1,2,1,7,3,1,1,0,2,3,32,0.09375,0.09375,0.1875,0.0,0.630345767397584,0.3239936870514984,0.0,0.0631494545692076,0.1001822457378013,3.59375,GGTGTSSSNVDFDDCSLRQNSKGSSWQKIATP
ARF6_11-50,134490.754,1.0,0.433888888888889,0,0,3,1,2,4,1,0,2,6,4,0,7,1,3,4,0,0,2,0,4,10,40,0.1,0.125,0.225,0.025,0.3366193698400458,0.1502934754475957,0.0027777777777777,0.0514906672545561,0.1529640652557319,3.905,PFPLRLKRPWPPGLPSFHGLKEDDMGMSMSSPLMWDRGLQ
ARF6_21-60,111025.4,-2.0,0.458333333333333,0,0,3,1,2,6,1,0,1,5,5,2,4,2,1,5,0,1,1,0,3,8,40,0.1,0.05,0.15,-0.05,0.2191820111283196,0.409320404810049,0.0166666666666666,0.0168474426807759,0.0768650793650793,4.124999999999999,PPGLPSFHGLKEDDMGMSMSSPLMWDRGLQSLNFQGMGVN
ARF6_31-70,114360.099,-2.0,0.424444444444444,0,0,4,1,1,4,0,0,1,4,6,2,3,3,2,5,1,1,2,0,3,7,40,0.125,0.075,0.2,-0.05,0.1355258691267798,0.390526172795694,0.0125,0.0168328373015873,0.1242038690476191,3.819999999999999,KEDDMGMSMSSPLMWDRGLQSLNFQGMGVNPWMQPRLDTS
ARF6_351-390,93778.3674,-3.0,0.491388888888889,1,0,3,1,1,6,2,3,0,5,2,3,2,0,1,9,0,1,0,0,1,6,40,0.1,0.025,0.125,-0.075,0.2857484964386635,0.3464585234184985,0.045,0.016572619047619,0.0579972222222222,4.4225,GSASDPHSHLLFGVNIDSSSLLMPNGMSNLRSIGIEGGDS
ARF7_1-40,86468.3319,-1.0,0.448333333333333,2,1,3,2,4,2,0,1,1,2,3,0,9,1,3,2,2,1,0,1,5,7,40,0.125,0.1,0.225,-0.025,0.6593331363633085,0.047843120299088,0.0027777777777777,0.1008542768959435,0.152964065255732,4.035,PVLTPFYICPPPFFRPRFSGQPGMPDDETDMESALKRAMP
ARF7_11-50,125305.852,-3.0,0.389722222222222,2,0,5,3,3,2,0,0,2,3,4,1,6,1,3,3,1,0,1,0,4,7,40,0.2,0.125,0.325,-0.075,0.4131998401365842,0.0417221816358956,0.0173076923076923,0.1049076487377769,0.2538908260542876,3.5074999999999994,PPFFRPRFSGQPGMPDDETDMESALKRAMPWLDNSLEMKD
ARF7_31-70,91630.3339,-1.0,0.457222222222222,2,0,2,2,1,1,0,1,2,5,5,2,3,4,1,5,1,1,2,0,3,8,40,0.1,0.075,0.175,-0.025,0.2683074512594588,0.3357784166132687,0.0035714285714285,0.0270737276392038,0.100905612244898,4.115,MESALKRAMPWLDNSLEMKDPSSTIFPGLSLVQWMNMQQQ
ARF7_571-610,105748.217,-3.0,0.444722222222222,2,0,4,1,3,6,0,0,0,6,0,6,2,2,2,2,2,2,0,0,3,9,40,0.125,0.05,0.175,-0.075,0.1785439282654231,0.248805954155197,0.0321428571428571,0.0174897644242882,0.0979577664399092,4.0025,GENNRQQNFLAPTFGLDGDSRNSLLGGANVDNGFVPDTLL
ARF8_21-60,82329.848,-1.0,0.453888888888889,1,0,2,1,0,11,1,0,0,7,0,1,3,2,2,4,2,1,1,1,2,9,40,0.075,0.05,0.125,-0.025,0.2272402142873407,0.2764954467457111,0.005,0.0127608906525573,0.0561559523809523,4.084999999999999,HAGTSSLPDGRGDLGSGLTWLRGGGGEQQGLLPLNYPSVG
ARF8_271-310,124541.439,-4.0,0.482777777777778,4,0,3,2,3,4,0,0,0,5,0,2,6,1,1,6,1,2,0,0,3,8,40,0.125,0.025,0.15,-0.1,0.277325186693822,0.1245362334994665,0.0666666666666666,0.0216137566137566,0.0779365079365079,4.344999999999999,LALEPGNPQNPSLFGVDPDSGLFLPSTVPRFASSSGDAEA
ARF8_281-320,94768.2412,-4.0,0.505277777777778,3,0,4,1,4,4,0,0,0,4,1,0,5,0,1,9,2,2,0,0,4,8,40,0.125,0.025,0.15,-0.1,0.3275627970128987,0.1312450456875553,0.0666666666666666,0.0255291005291005,0.0779365079365079,4.547499999999999,PSLFGVDPDSGLFLPSTVPRFASSSGDAEASPMSLTDSGF
ARF9_11-50,111461.309,1.0,0.478055555555555,3,0,1,2,1,1,1,1,2,4,1,2,2,3,2,6,2,5,1,0,2,6,40,0.075,0.1,0.175,0.025,0.6210901838508973,0.3837277278647591,0.0035714285714285,0.062671485260771,0.1009056122448979,4.302499999999999,SVMLKNKRPRQVSEVSALDVGITASNLWSSVLTQPHEFAQ
GAL4_AD1,160250.859,-7.0,0.418333333333333,1,0,7,2,4,3,1,1,1,4,2,3,4,0,1,3,2,0,1,0,5,9,40,0.225,0.05,0.275,-0.175,0.3787344459217399,0.0627218868849506,0.1113636363636363,0.0628481878671272,0.165942624294897,3.7649999999999992,STIPLDFMPRDALHGFDWSEEDDMSDGLPFLKTDPNNNGF
GCN4_CAAD40,158925.39,-9.0,0.399722222222222,1,0,7,4,2,0,0,1,2,3,1,3,2,0,0,5,5,2,1,1,4,7,40,0.275,0.05,0.325,-0.225,0.1554501302206895,0.0384485857688875,0.1557692307692307,0.0295214810118656,0.1899096576500423,3.5974999999999997,STDSTPMFEYENLEDNSKEWTSLFDNDIPVTTDDVSLADK
GCN4ALT,197369.331,-10.0,0.415,1,0,6,5,4,0,0,1,1,2,1,3,2,0,0,7,3,2,1,1,6,8,40,0.275,0.025,0.3,-0.25,0.137165766960255,0.1379070587463707,0.2083333333333333,0.0239473104056437,0.1745866402116402,3.734999999999999,DDAVVESFFSSSTDSTPMFEYENLEDNSKEWTSLFDNDIP
HAHNSYNTH,90401.3917,-3.0,0.53015873015873,1,0,2,2,1,0,0,1,1,3,1,0,2,0,0,3,1,2,1,0,2,5,21,0.1904761904761904,0.0476190476190476,0.238095238095238,-0.1428571428571428,0.5818061824185928,0.0901960402147206,0.0857142857142857,0.0599706549286381,0.1030766890089369,4.7714285714285705,MKTVLPIPELDDAVWESLFSS
HRE1_ERF73_1-40,80840.115,-1.0,0.482777777777778,3,2,4,1,2,5,0,4,2,0,1,1,1,0,2,7,0,2,1,2,5,5,40,0.125,0.1,0.225,-0.025,0.2872279351536244,0.1810949019764283,0.0027777777777777,0.0439355526161081,0.152964065255732,4.344999999999999,MCGGAVISDYIAPEKIARSSGKSSWRSNGVFDCSIYDFDG
HRE1_ERF73_11-50,113603.163,-5.0,0.4125,2,1,5,4,3,3,0,3,2,1,0,2,2,0,2,7,0,1,1,1,5,6,40,0.225,0.1,0.325,-0.125,0.3478458652465053,0.0806398912128489,0.048076923076923,0.0814504150882356,0.2341566286277824,3.712499999999999,IAPEKIARSSGKSSWRSNGVFDCSIYDFDGNFDELESDEP
HRE1_ERF73_141-180,156788.387,-6.0,0.448333333333333,5,1,3,5,1,0,1,0,2,3,0,3,2,2,0,5,1,5,1,0,2,5,40,0.2,0.05,0.25,-0.15,0.370267977757532,0.1622085180627242,0.09,0.0561238095238095,0.1515761904761904,4.0349999999999975,AKAKTVQQVEENHEADLDVAVVSSAPSSSCLDFLWEENNP
HRE1_ERF73_151-190,136276.172,-9.0,0.476388888888889,3,1,5,4,1,0,1,1,0,6,0,3,2,1,0,5,2,3,2,0,3,9,40,0.225,0.0,0.225,-0.225,0.1860286412853649,0.1485627523704164,0.225,0.0264186507936507,0.1420138888888888,4.2875,ENHEADLDVAVVSSAPSSSCLDFLWEENNPDTLLIDTQWL
HRE1_ERF73_161-200,205271.844,-7.0,0.486111111111111,2,1,5,3,1,1,0,3,1,5,1,3,2,1,0,5,2,2,2,0,3,8,40,0.2,0.025,0.225,-0.175,0.194793514377795,0.0835862627027579,0.1361111111111111,0.0257837301587301,0.132364417989418,4.374999999999999,VVSSAPSSSCLDFLWEENNPDTLLIDTQWLEDIIMGDANK
HRE1_ERF73_171-210,183484.504,-10.0,0.396388888888889,2,0,6,6,1,1,1,3,2,5,1,4,2,1,0,1,2,0,2,0,3,8,40,0.3,0.05,0.35,-0.25,0.1496704772170689,0.0421166362971545,0.1785714285714285,0.0299111866969009,0.1998469387755102,3.5675000000000003,LDFLWEENNPDTLLIDTQWLEDIIMGDANKKHEPNDSEEA
HRE1_ERF73_191-230,96831.6812,-10.0,0.392222222222222,4,0,4,8,1,1,1,2,2,4,1,5,1,1,0,3,1,1,0,0,1,5,40,0.3,0.05,0.35,-0.25,0.1360262483571137,0.0737635115811559,0.1785714285714285,0.0271844293272864,0.1998469387755102,3.529999999999999,EDIIMGDANKKHEPNDSEEANNVDASLLSEELLAFENQTE
HRE1_ERF73_21-60,105080.023,-5.0,0.402777777777778,0,1,5,3,5,3,3,1,2,1,0,2,1,0,1,7,1,2,1,1,7,8,40,0.2,0.075,0.275,-0.125,0.4362842565682934,0.1461464444378729,0.0568181818181818,0.0794981470549652,0.1822164010232192,3.625,GKSSWRSNGVFDCSIYDFDGNFDELESDEPFVFSSTHKHH
HRE1_ERF73_211-250,121733.451,-7.0,0.450833333333333,2,1,2,5,3,1,0,0,0,5,1,4,1,2,0,8,3,1,0,1,4,9,40,0.175,0.0,0.175,-0.175,0.1239266021874717,0.1786285621322633,0.175,0.0136011904761904,0.1097519841269841,4.057499999999999,NNVDASLLSEELLAFENQTEYFSQMPFTEGNCDSSTSLSS
HRE1_ERF73_221-260,93138.0081,-7.0,0.458055555555556,1,1,3,4,4,4,0,0,0,5,2,3,1,2,0,6,3,0,0,1,5,10,40,0.175,0.0,0.175,-0.175,0.1069330199764981,0.2076524110362673,0.175,0.0117361111111111,0.1097519841269841,4.122499999999999,ELLAFENQTEYFSQMPFTEGNCDSSTSLSSLFDGGNDMGL
HRE1_ERF73_231-262,85825.4352,-4.0,0.4625,0,1,3,1,3,4,0,0,0,3,2,2,1,1,0,7,2,0,1,1,5,8,32,0.125,0.0,0.125,-0.125,0.2091352046154305,0.3610444450261337,0.125,0.01285310111699,0.0614583333333333,4.1625,YFSQMPFTEGNCDSSTSLSSLFDGGNDMGLWS
HRE2_ERF71_101-140,101694.339,-7.0,0.3975,3,0,2,7,1,2,0,1,2,4,1,5,2,3,0,3,2,2,0,0,1,5,40,0.225,0.05,0.275,-0.175,0.3143952962388916,0.0668622143968692,0.1113636363636363,0.0521715805238532,0.165942624294897,3.5774999999999983,AKLNFPNTQVEEEADTKPGGNQNELISENQVESLSEDLMA
HRE2_ERF71_111-150,120645.056,-9.0,0.396111111111111,2,0,3,8,1,2,0,2,1,4,2,3,1,3,1,3,1,1,0,2,3,7,40,0.275,0.05,0.325,-0.225,0.1699394508396506,0.0683086922208849,0.1557692307692307,0.0322731429301942,0.1899096576500423,3.5650000000000004,EEEADTKPGGNQNELISENQVESLSEDLMALEDYMRFYQI
HRE2_ERF71_121-160,167940.475,-9.0,0.423611111111111,3,0,5,5,1,0,0,2,0,4,2,3,1,4,1,4,1,2,0,2,3,7,40,0.25,0.025,0.275,-0.225,0.127338773244818,0.0451835389336384,0.184090909090909,0.0206374987246199,0.162067673488128,3.8125,NQNELISENQVESLSEDLMALEDYMRFYQIPVADDQSATD
HRE2_ERF71_131-170,92834.207,-8.0,0.453055555555556,3,0,6,3,1,1,0,2,0,4,2,1,1,3,1,5,1,2,1,3,5,9,40,0.225,0.025,0.25,-0.2,0.1588296013407043,0.1573532903041443,0.16,0.0235012345679012,0.1479650793650793,4.077499999999999,VESLSEDLMALEDYMRFYQIPVADDQSATDIGNLWSYQDS
LFY_11-50,86160.2331,2.0,0.460833333333333,4,0,0,1,2,3,0,0,0,4,1,1,9,5,3,0,3,3,1,0,3,7,40,0.025,0.075,0.1,0.05,0.2681436210847973,0.1538750399607007,0.025,0.0104464285714285,0.0389583333333334,4.147500000000001,FRWNPTRALVQAPPPVPPPLQQQPVTPQTAAFGMRLGGLE
LFY_51-90,99847.7653,-3.0,0.508333333333333,4,0,1,5,3,5,0,2,2,4,3,1,1,0,1,2,3,1,0,2,5,9,40,0.15,0.075,0.225,-0.075,0.4004218548002992,0.2674595081314988,0.0249999999999999,0.0583829365079365,0.1458035714285714,4.575000000000002,GLFGPYGIRFYTAAKIAELGFTASTLVGMKDEELEEMMNS
LFY_71-110,202592.284,-3.0,0.494166666666667,3,0,1,6,2,3,1,2,2,5,3,1,0,0,2,3,2,2,1,1,4,9,40,0.175,0.1,0.275,-0.075,0.3052968882297058,0.3230251239022892,0.0204545454545454,0.0605874200154503,0.1984541027154663,4.447499999999998,FTASTLVGMKDEELEEMMNSLSHIFRWELLVGERYGIKAA
MPARF3_111-150,85064.7044,-1.0,0.4825,3,0,1,2,1,6,2,2,0,3,4,1,3,3,2,1,3,2,1,0,2,5,40,0.075,0.05,0.125,-0.025,0.3576090771401451,0.3728090731968068,0.005,0.0200818783068783,0.0561559523809523,4.342500000000001,QGLMGMPITLPSVFGQINPWAHGLTMEEVTAGMQGARHDR
MPARF3_31-70,87790.31,-1.0,0.490277777777778,2,0,3,1,1,2,0,2,1,4,1,0,4,3,2,4,2,4,4,0,5,9,40,0.1,0.075,0.175,-0.025,0.5166786050365874,0.3395066728505856,0.0035714285714285,0.0521357709750567,0.100905612244898,4.412499999999999,RISWFMGTISAVQPADSLWPKSPWRVLQVTWDEPDLLQGV
MPARF3_91-130,80241.6644,3.0,0.474722222222222,2,0,1,0,2,4,0,2,3,4,4,2,5,4,1,3,1,1,1,0,3,7,40,0.025,0.1,0.125,0.075,0.8983257271489468,0.3289753054187315,0.045,0.0521003968253968,0.0579972222222222,4.272499999999999,FSLPKKKLRAAQPSDMNMQGQGLMGMPITLPSVFGQINPW
PPARFA1_21-60,103657.823,0.0,0.414166666666667,3,1,3,3,0,3,1,1,3,6,1,1,3,1,3,5,1,0,1,0,1,7,40,0.15,0.15,0.3,0.0,0.6475185185185184,0.0516638573069202,0.0,0.1541710758377425,0.2380952380952381,3.727499999999999,PLASRSKRARGIHGEDEDLEALMKKSQLWPNSCDTLGPLS
PPARFA3_71-110,91640.3597,0.0,0.423055555555555,1,0,3,3,1,4,1,2,3,4,2,0,5,0,3,4,2,1,1,0,2,6,40,0.15,0.15,0.3,0.0,0.6395185185185184,0.0954363823401421,0.0,0.1522663139329806,0.2380952380952381,3.807499999999999,PPIVLRSKRARGIHGEDEDLETLMKKSPMWPSLGFGTDSP
PPARFA3_81-120,84791.6979,-2.0,0.422777777777778,0,0,3,3,1,6,1,2,2,4,3,0,5,1,2,3,2,0,2,0,3,7,40,0.15,0.1,0.25,-0.05,0.5758142797501438,0.1157413257158099,0.01,0.1019218694885361,0.1770047619047619,3.805,RGIHGEDEDLETLMKKSPMWPSLGFGTDSPWMGILPQRPG
PPARFA3_91-130,80254.4475,0.0,0.445,0,0,1,2,1,5,1,1,2,4,3,1,5,1,1,5,3,1,2,1,4,8,40,0.075,0.075,0.15,0.0,0.3666212224494434,0.253974770296632,0.0,0.0284567901234568,0.0776190476190476,4.005,ETLMKKSPMWPSLGFGTDSPWMGILPQRPGHGVTSSLNEY
PPARFA4_191-230,102568.909,-1.0,0.463333333333333,4,0,1,1,1,6,0,0,1,4,3,4,5,2,0,5,1,1,0,1,2,6,40,0.05,0.025,0.075,-0.025,0.6269247690277167,0.3561686815123545,0.0083333333333333,0.0141369047619047,0.0225496031746031,4.17,PGSFALPQNNESALQGKNVLLSAYGPPATPDSMGNGMMSG
PPARFA6_211-250,80012.7435,-2.0,0.451111111111111,1,0,2,2,3,6,1,0,0,3,2,1,2,4,2,7,1,3,0,0,3,6,40,0.1,0.05,0.15,-0.05,0.2698904376756726,0.4120743549717819,0.0166666666666666,0.0207451499118165,0.0768650793650793,4.059999999999999,GNGQSGLTGMPVPASSFMFRESGQEQDSVQSDRHLLFGVS
PPARFA6_251-284,98488.5997,1.0,0.379084967320261,2,0,1,1,1,2,2,2,2,1,0,5,3,3,1,5,0,2,0,1,2,3,34,0.0588235294117647,0.088235294117647,0.1470588235294117,0.0294117647058823,0.1983135356608817,0.271974717626823,0.0058823529411764,0.013341290779703,0.0672737276113961,3.4117647058823524,IEQQPLGASNPVASIHSQSYPKNKDVHNRFSGNN
PPARFA7_1-40,80609.0747,-2.0,0.460277777777778,2,1,2,4,3,1,1,1,3,5,1,0,4,1,1,4,2,1,2,1,6,11,40,0.15,0.1,0.25,-0.05,0.3322751607435905,0.0805476505493276,0.01,0.0588142857142857,0.1770047619047619,4.142500000000001,LWDIEPLTFPYVLCPQPLAFRAKHEETDSMLKKSSFWSGE
PPARFA7_41-80,81740.0454,0.0,0.390277777777778,3,0,2,3,1,2,1,0,1,5,2,2,4,2,4,3,3,0,1,1,3,8,40,0.125,0.125,0.25,0.0,0.2561377971858322,0.0315918172355568,0.0,0.0465520282186949,0.1817460317460317,3.5125,NSTDALGRLTFRTPSLDSWMRPKQPGLPMQENEHYRALEA
PPARFA8_21-60,97439.5632,0.0,0.42,3,0,4,2,2,5,1,0,3,3,3,0,2,0,3,5,1,1,2,0,4,7,40,0.15,0.15,0.3,0.0,0.4346296296296297,0.1149605849492176,0.0,0.1034832451499118,0.2380952380952381,3.78,PLTFRAKRPWGGRVDEEMDSMLKKASFWSGDSGSHMDALG
PPARFB1_131-170,136978.514,-2.0,0.419166666666667,4,1,2,1,2,3,1,0,0,2,0,5,3,1,1,9,1,1,2,1,5,7,40,0.075,0.025,0.1,-0.05,0.3226381461675578,0.5221108726080891,0.025,0.0125694444444444,0.0389583333333333,3.7725,SVNPASSEQAPGNDHSSASWSDFSGGCLNFNWLYNASTPR
PPARFB1_181-220,87751.2915,1.0,0.465555555555555,3,0,1,3,1,0,0,1,3,5,1,2,6,2,2,3,3,4,0,0,1,6,40,0.1,0.125,0.225,0.025,0.148253572483768,0.0553877654812208,0.0027777777777777,0.0226774691358024,0.1529640652557319,4.19,TSLNNESASKMLPPQVIPPFEARDKVELVKLRTTPALVQP
PPARFB2_71-110,88597.653,1.0,0.410555555555556,4,1,2,2,2,2,0,1,2,0,0,1,4,1,3,10,1,2,1,1,4,4,40,0.1,0.125,0.225,0.025,0.1297479984722813,0.0825892030520591,0.0027777777777777,0.0198467813051146,0.1529640652557319,3.694999999999999,VKSARSEQAPSKDYSSAPWSDFSGICPSNRTGASFPVRES
PPARFB3_171-210,87207.8165,1.0,0.450833333333333,3,0,1,1,1,0,2,1,2,6,0,5,5,1,1,6,3,2,0,0,1,7,40,0.05,0.075,0.125,0.025,0.2477016245857273,0.2920162462569532,0.005,0.0139099206349206,0.0561559523809523,4.0575,LTNSKSANLTSPPVPARSQLPITSLNNDPKVLHAHNLSFE
PPARFB3_181-220,90982.4794,-3.0,0.443055555555556,2,0,1,4,1,0,2,1,1,6,0,3,5,3,1,4,2,3,1,0,2,8,40,0.125,0.05,0.175,-0.075,0.3495276262677412,0.2291819738994149,0.0321428571428571,0.0342389455782313,0.0979577664399092,3.9875,SPPVPARSQLPITSLNNDPKVLHAHNLSFELWETVEQEQL
PPARFB3_191-230,117274.689,-5.0,0.437777777777778,3,1,1,5,1,0,2,1,1,6,0,4,3,4,0,3,2,2,1,0,2,8,40,0.15,0.025,0.175,-0.125,0.2601563070630343,0.258775746303079,0.0892857142857142,0.0252395124716553,0.097016723356009,3.939999999999999,PITSLNNDPKVLHAHNLSFELWETVEQEQLNASPALEQQC
PPARFB3_321-360,161157.765,-7.0,0.466111111111111,1,0,6,3,1,4,1,0,1,7,1,1,1,2,1,1,2,4,2,1,4,11,40,0.225,0.05,0.275,-0.175,0.239518545546454,0.2536128860550448,0.1113636363636363,0.0397463360152754,0.165942624294897,4.194999999999999,RMLASLFGLEGQLDDVTKGWQLVYTDHENDVLLVGDDPWE
PPARFB3_331-370,91258.3823,-6.0,0.440833333333333,0,2,6,3,1,3,1,0,2,5,0,2,1,2,1,1,2,5,2,1,4,9,40,0.225,0.075,0.3,-0.15,0.3269528390964504,0.1607019448797162,0.075,0.0645050705467372,0.1972916666666667,3.9674999999999994,GQLDDVTKGWQLVYTDHENDVLLVGDDPWEEFCNCVRSLK
PPARFB4_321-360,102514.502,-4.0,0.500833333333333,3,0,5,2,1,4,1,0,1,8,1,1,0,2,2,0,3,4,1,1,3,11,40,0.175,0.075,0.25,-0.1,0.342240767804186,0.2602076053084214,0.04,0.0565012345679012,0.1650920634920635,4.5075,AALRRMLATLFGLEGQLDDVTKGWQLVYTDHENDVLLVGD
PPARFC1B_11-50,110497.093,-2.0,0.480277777777778,3,0,4,1,1,1,0,2,1,4,1,1,5,1,2,4,2,3,4,0,5,9,40,0.125,0.075,0.2,-0.05,0.2923980111423949,0.2909426323781079,0.0125,0.0363169642857142,0.1242038690476191,4.322499999999998,DSSRISWFMGTIAAVKPADPLLWPNSPWRVLQVTWDEPDL
PPARFC1B_61-100,80647.5076,2.0,0.49,3,0,0,2,1,1,0,0,3,9,1,1,6,6,1,1,1,3,0,1,2,11,40,0.05,0.1,0.15,0.05,0.7917742213044231,0.1024665212337383,0.0166666666666666,0.0608597883597883,0.0768650793650792,4.41,QVELVATLPMQLPPFSYPKKKLRAVQPQELQLQAPGLLNL
PPARFC2_11-50,103811.601,-2.0,0.519722222222222,4,0,3,1,1,1,0,2,0,4,1,0,4,2,2,5,2,4,4,0,5,9,40,0.1,0.05,0.15,-0.05,0.5236620203063156,0.3933619443932927,0.0166666666666666,0.0402513227513227,0.0768650793650793,4.677499999999998,SSRISWFMGTIAAVQAADPVLWPSSPWRVLQVTWDEPDLL
PPARFD2_101-140,82041.8868,0.0,0.427777777777778,1,1,0,0,0,4,3,2,0,1,3,2,3,9,0,7,0,3,0,1,1,2,40,0.0,0.0,0.0,0.0,-1.0,0.7754572811009443,0.0,0.0,0.0,3.849999999999999,HISSMGPQNPGQNSAVIHQSVQGCSSGMQQQQQMVYPSLH
PPARFD2_111-150,81632.5227,0.0,0.395277777777778,1,1,1,0,0,3,2,2,0,1,2,3,2,10,1,5,1,3,1,1,2,3,40,0.025,0.025,0.05,0.0,0.1846153846153846,0.9360298413554448,0.0,0.0019047619047619,0.0103174603174603,3.5574999999999988,GQNSAVIHQSVQGCSSGMQQQQQMVYPSLHRDIQQTPNNW
PPARFD2_311-350,192218.435,-4.0,0.446666666666667,1,1,5,3,3,2,0,0,1,5,1,3,1,2,3,0,3,4,1,1,5,10,40,0.2,0.1,0.3,-0.1,0.0904703974047039,0.1794519720437956,0.0333333333333333,0.019673721340388,0.2174603174603174,4.02,VDVNRFKDYTELRCELARMFNLDGQLDPTVGWQLVFTDNE
PPARFD2_321-360,140169.44,-8.0,0.4725,1,1,7,3,2,3,0,0,0,8,1,2,2,2,2,0,2,3,1,0,3,11,40,0.25,0.05,0.3,-0.2,0.2456790123456789,0.2043583198755291,0.1333333333333333,0.0438712522045855,0.1785714285714285,4.2525,ELRCELARMFNLDGQLDPTVGWQLVFTDNEDDLLLVGDDP
RAP2.12_11-50,80697.2456,6.0,0.374166666666667,1,0,3,1,4,1,0,2,6,2,0,3,4,0,4,6,1,1,1,0,5,7,40,0.1,0.25,0.35,0.15,0.3418801470234341,0.0475086428762121,0.0642857142857143,0.0850107079868985,0.2486564625850341,3.3675,IPPPRSRRVTSEFIWPDLKKNLKGSKKSSKNRSNFFDFDA
RAP2.12_211-250,91659.1584,-3.0,0.421388888888889,2,1,1,3,3,2,1,1,1,1,3,9,1,3,0,4,1,3,0,0,3,4,40,0.1,0.025,0.125,-0.075,0.1688922643470275,0.707099380187841,0.045,0.0097952821869488,0.0579972222222222,3.7925,PALVQNSNISFENMCFMEEKHQVSNNNNNQFGMTNSVDAG
RAP2.12_231-270,114740.735,-4.0,0.377222222222222,1,2,3,1,3,4,1,0,0,0,1,8,0,4,0,7,1,2,0,2,5,5,40,0.1,0.0,0.1,-0.1,0.2068429237947122,0.6760595029436879,0.1,0.0105555555555555,0.051031746031746,3.3949999999999987,HQVSNNNNNQFGMTNSVDAGCNGYQYFSSDQGSNSFDCSE
RAP2.12_251-290,90728.0328,-5.0,0.438055555555556,2,2,4,1,3,3,0,3,0,0,0,4,2,3,0,8,1,1,1,2,6,6,40,0.125,0.0,0.125,-0.125,0.1622484385843164,0.4279116580634857,0.125,0.0115972222222222,0.0714781746031746,3.942499999999999,CNGYQYFSSDQGSNSFDCSEFGWSDQAPITPDISSAVINN
RAP2.12_261-300,98238.5152,-6.0,0.460277777777778,4,1,3,3,4,2,0,3,0,1,0,5,2,2,0,7,1,1,1,0,5,6,40,0.15,0.0,0.15,-0.15,0.1704347826086957,0.4669496876053099,0.15,0.0155555555555555,0.0912698412698412,4.142499999999999,QGSNSFDCSEFGWSDQAPITPDISSAVINNNNSALFFEEA
RAP2.12_281-320,139529.596,-3.0,0.415277777777778,4,0,2,4,3,0,0,2,3,2,1,7,3,0,0,4,2,1,1,1,5,7,40,0.15,0.075,0.225,-0.075,0.3983050206769332,0.3623031480390444,0.0249999999999999,0.0580742945326278,0.1458035714285714,3.7375,PDISSAVINNNNSALFFEEANPAKKLKSMDFETPYNNTEW
RAP2.12_291-330,152845.93,-6.0,0.394722222222222,4,0,4,5,4,0,0,0,3,4,1,6,2,0,0,3,2,0,1,1,6,10,40,0.225,0.075,0.3,-0.15,0.3134655246587663,0.1078193371766223,0.075,0.0618441358024691,0.1972916666666667,3.552499999999999,NNSALFFEEANPAKKLKSMDFETPYNNTEWDASLDFLNED
RAP2.12_301-340,115053.701,-5.0,0.3775,4,0,5,3,2,1,0,0,3,3,1,6,2,1,0,2,4,1,1,1,4,7,40,0.2,0.075,0.275,-0.125,0.3661094705344379,0.05936673535428,0.0568181818181818,0.0667111501013016,0.1822164010232192,3.3975,NPAKKLKSMDFETPYNNTEWDASLDFLNEDAVTTQDNGAN
RAP2.12_31-70,137430.093,-5.0,0.358611111111111,2,1,9,2,6,2,0,1,5,1,0,3,0,1,1,6,0,0,0,0,6,7,40,0.275,0.15,0.425,-0.125,0.3690974234083534,0.0301028599244142,0.0367647058823529,0.127376127466237,0.345101643598616,3.2274999999999987,NLKGSKKSSKNRSNFFDFDAEFEADFQGFKDDSSIDCDDD
RAP2.12_311-350,111065.8,-10.0,0.417777777777778,3,0,6,4,2,1,0,2,0,3,1,5,2,1,0,2,4,1,2,1,5,8,40,0.25,0.0,0.25,-0.25,0.0916243654822335,0.0621395928636259,0.25,0.0143253968253968,0.1563492063492063,3.7599999999999993,FETPYNNTEWDASLDFLNEDAVTTQDNGANPMDLWSIDEI
RAP2.2_211-250,92317.9934,-2.0,0.396944444444444,0,1,2,2,3,1,1,0,2,2,3,4,3,5,0,5,2,2,0,2,5,7,40,0.1,0.05,0.15,-0.05,0.2279011070957379,0.3578438622550676,0.0166666666666666,0.0175176366843033,0.0768650793650793,3.5725,PNKSVTLVQQPTHLSQQYCNNSFDNSFGDMSFMEEKPQMY
RAP2.2_221-260,96196.5677,-3.0,0.393611111111111,0,1,2,2,5,2,1,0,1,2,3,6,2,4,0,5,2,0,0,2,7,9,40,0.1,0.025,0.125,-0.075,0.2162399068860106,0.5788015691803436,0.045,0.0125413139329806,0.0579972222222222,3.5424999999999995,PTHLSQQYCNNSFDNSFGDMSFMEEKPQMYNNQFGLTNSF
RAP2.2_241-280,85599.1757,-3.0,0.381944444444444,1,0,2,2,5,5,0,0,1,1,2,6,1,4,0,6,1,0,0,3,8,9,40,0.1,0.025,0.125,-0.075,0.1604764261500696,0.6555951214973945,0.045,0.0093071869488536,0.0579972222222222,3.437499999999999,SFMEEKPQMYNNQFGLTNSFDAGGNNGYQYFSSDQGSNSF
RAP2.2_251-290,86203.0737,-5.0,0.3825,1,1,4,1,5,6,1,0,0,1,0,6,0,3,0,7,1,0,1,2,8,9,40,0.125,0.0,0.125,-0.125,0.1791811242192921,0.5957421326878659,0.125,0.0128075396825396,0.0714781746031746,3.442499999999999,NNQFGLTNSFDAGGNNGYQYFSSDQGSNSFDCSEFGWSDH
RAP2.2_261-300,98072.2456,-5.0,0.381388888888889,1,1,4,2,3,6,1,1,1,0,1,3,2,2,0,8,1,0,1,2,6,6,40,0.15,0.025,0.175,-0.125,0.1455408662625083,0.3410418027066915,0.0892857142857142,0.0141198979591836,0.097016723356009,3.432499999999999,DAGGNNGYQYFSSDQGSNSFDCSEFGWSDHGPKTPEISSM
RAP2.2_291-330,209005.998,-4.0,0.401666666666667,3,0,3,5,1,1,0,1,4,3,2,5,3,0,0,5,2,2,0,0,1,4,40,0.2,0.1,0.3,-0.1,0.4224655312246553,0.1804057243411093,0.0333333333333333,0.0918694885361552,0.2174603174603174,3.6149999999999993,GPKTPEISSMLVNNNEASFVEETNAAKKLKPNSDESDDLM
RAP2.2_301-340,81244.5322,-6.0,0.414722222222222,5,0,5,4,1,0,0,0,3,5,1,6,1,0,0,3,2,2,1,1,3,8,40,0.225,0.075,0.3,-0.15,0.4033511562550632,0.0828295980329933,0.075,0.0795778218694885,0.1972916666666667,3.732499999999999,LVNNNEASFVEETNAAKKLKPNSDESDDLMAYLDNALWDT
RAP2.2_31-70,113178.398,-5.0,0.345,3,1,11,2,6,1,0,0,6,1,0,1,0,1,2,4,0,1,0,0,6,7,40,0.325,0.2,0.525,-0.125,0.410564843651814,0.0210440964409444,0.0297619047619047,0.187765337616528,0.4573341836734695,3.104999999999999,KVKASKKRSNKRSDFFDLDDDFEADFQGFKDDSAFDCEDD
RAP2.2_311-350,197200.36,-7.0,0.432222222222222,6,0,5,5,0,1,0,0,3,6,2,3,2,0,0,2,2,1,1,1,2,8,40,0.25,0.075,0.325,-0.175,0.347841709555294,0.0796041052020578,0.0942307692307692,0.0732245063815576,0.2105110007513853,3.89,EETNAAKKLKPNSDESDDLMAYLDNALWDTPLEVEAMLGA
RAP2.2_321-360,111466.621,-12.0,0.445277777777778,6,0,6,6,0,2,0,0,0,5,2,2,2,1,0,2,2,2,1,1,2,7,40,0.3,0.0,0.3,-0.3,0.1534740545294635,0.1444568326964018,0.3,0.0276984126984126,0.1804761904761904,4.0075,PNSDESDDLMAYLDNALWDTPLEVEAMLGADAGAVTQEEE
RAP2.2_331-370,168747.632,-11.0,0.471666666666667,6,0,4,7,0,2,0,0,0,6,1,2,2,1,0,1,2,3,2,1,3,9,40,0.275,0.0,0.275,-0.275,0.1138082673702726,0.1194063585286362,0.275,0.0192559523809523,0.1691964285714286,4.245,AYLDNALWDTPLEVEAMLGADAGAVTQEEENPVELWSLDE
RAP2.2_341-379,81126.2879,-11.0,0.491168091168091,4,0,3,8,2,3,0,1,0,5,2,2,2,1,0,1,1,3,1,0,3,8,39,0.282051282051282,0.0,0.282051282051282,-0.282051282051282,0.1217729430507055,0.1345881732815781,0.282051282051282,0.0209043585876165,0.1716666942911288,4.42051282051282,PLEVEAMLGADAGAVTQEEENPVELWSLDEINFMLEGDF
RAP2.2_41-80,94348.0858,-11.0,0.404444444444444,2,1,13,2,8,1,0,0,3,1,0,1,1,1,1,2,0,3,0,0,8,9,40,0.375,0.1,0.475,-0.275,0.4206059734477238,0.0770609175760849,0.1592105263157895,0.1229184223961463,0.2922412665435518,3.639999999999999,KRSDFFDLDDDFEADFQGFKDDSAFDCEDDDDVFVNVKPF
RAP2.2_51-90,83778.5389,-8.0,0.462777777777778,4,1,9,2,7,1,0,0,3,0,0,1,2,1,0,1,3,5,0,0,7,7,40,0.275,0.075,0.35,-0.2,0.4241794670935367,0.1552232376273913,0.1142857142857143,0.0941370622323003,0.2219274376417233,4.165,DFEADFQGFKDDSAFDCEDDDDVFVNVKPFVFTATTKPVA
RAP2.3_1-40,123442.01,-3.0,0.493888888888889,7,1,4,3,1,3,0,2,3,4,1,0,1,0,1,3,2,1,2,1,4,8,40,0.175,0.1,0.275,-0.075,0.4628928903495575,0.1420154820100679,0.0204545454545454,0.0918629932076902,0.1984541027154663,4.445000000000001,MCGGAIISDYAPLVTKAKGRKLTAEELWSELDASAADDFW
RAP2.3_11-50,98464.5586,-1.0,0.4525,6,0,3,3,2,2,1,0,4,5,0,0,2,0,1,4,3,1,2,1,5,10,40,0.15,0.125,0.275,-0.025,0.5096090207556245,0.1394359745782307,0.0022727272727272,0.1062621798796041,0.208517070051161,4.0725,APLVTKAKGRKLTAEELWSELDASAADDFWGFYSTSKLHP
RAP2.3_151-190,110554.375,-3.0,0.429722222222222,1,2,2,4,2,3,0,1,2,1,0,1,5,3,1,7,1,4,0,0,2,3,40,0.15,0.075,0.225,-0.075,0.2759066476151595,0.1929712387383407,0.0249999999999999,0.0402281746031746,0.1458035714285714,3.8674999999999984,SPRSTDQPPAKKVCVVSQSESELSQPSFPVECIGFGNGDE
RAP2.3_161-200,99303.3115,-4.0,0.461944444444444,0,2,1,5,4,4,0,1,2,2,0,2,3,3,0,6,0,4,0,1,5,7,40,0.15,0.05,0.2,-0.1,0.2821031344792721,0.3066826717329226,0.05,0.0332142857142857,0.1177380952380952,4.1575,KKVCVVSQSESELSQPSFPVECIGFGNGDEFQNLSYGFEP
RAP2.3_171-210,133583.78,-6.0,0.430833333333333,0,1,3,4,4,4,0,2,1,3,0,2,3,4,0,6,0,1,0,2,6,9,40,0.175,0.025,0.2,-0.15,0.2327190865316899,0.2455488488627744,0.1124999999999999,0.0268637014991181,0.1154340277777778,3.877499999999999,SELSQPSFPVECIGFGNGDEFQNLSYGFEPDYDLKQQISS
RAP2.3_181-220,116776.431,-8.0,0.433055555555555,0,1,4,5,4,5,0,2,1,5,0,3,1,3,0,4,0,0,0,2,6,11,40,0.225,0.025,0.25,-0.2,0.1857557314872425,0.2784163768636401,0.16,0.0274853615520282,0.1479650793650793,3.8975,ECIGFGNGDEFQNLSYGFEPDYDLKQQISSLESFLELDGN
RAP2.3_191-230,81937.0897,-8.0,0.406388888888889,1,0,4,5,3,2,0,1,1,6,0,2,2,5,0,5,1,0,0,2,5,11,40,0.225,0.025,0.25,-0.2,0.1547531354221049,0.1976242416522031,0.16,0.0228980599647266,0.1479650793650793,3.657499999999999,FQNLSYGFEPDYDLKQQISSLESFLELDGNTAEQPSQLDE
RAP2.3_201-240,146988.73,-9.0,0.438888888888889,1,0,5,5,1,1,0,1,1,6,2,1,1,4,0,6,1,2,1,1,3,9,40,0.25,0.025,0.275,-0.225,0.1150355953951024,0.0871642171303004,0.184090909090909,0.0186435513140058,0.162067673488128,3.9499999999999984,DYDLKQQISSLESFLELDGNTAEQPSQLDESVSEVDMWML
RAP2.3_61-100,90431.1421,12.0,0.29,3,0,1,3,0,4,0,2,8,0,0,1,3,1,8,0,1,2,2,1,3,3,40,0.1,0.4,0.5,0.3,0.33249409313182,0.1190718735172207,0.18,0.0983823633156966,0.2958920634920637,2.6100000000000003,VKKEQATEPGKRRKRKNVYRGIRKRPWGKWAAEIRDPRKG
SCR_111-150,129989.028,-2.0,0.474444444444444,2,0,5,0,1,2,0,2,0,1,3,1,3,2,3,8,1,5,1,0,2,3,40,0.125,0.075,0.2,-0.05,0.2051935719341217,0.2113433423217267,0.0125,0.0254858355379188,0.1242038690476191,4.269999999999998,VFPSDRGGRNVMMSVQPMDQDSSSSSASPTVWVDAIIRDL
SHR_11-50,168072.09,-1.0,0.365833333333333,1,0,2,0,1,1,1,2,0,1,0,3,2,8,1,7,7,1,0,2,3,4,40,0.05,0.025,0.075,-0.025,0.4958205015398152,0.5530833413934026,0.0083333333333333,0.0111805555555555,0.0225496031746031,3.2924999999999995,QQQQQSDSIITNQSSLSRTSTTTTGSPQTAYHYNFPQNDV
SHR_111-145,118820.48,-2.0,0.405714285714286,4,0,3,0,3,1,2,1,1,0,0,2,5,1,0,9,1,0,1,1,5,5,35,0.0857142857142857,0.0285714285714285,0.1142857142857142,-0.0571428571428571,0.2555707482284856,0.2231976827943139,0.0285714285714285,0.0113706020042425,0.0444910150440104,3.651428571428572,SPYSSSGHHNDPSAFSIPQTPPSFDFSANAKWADS
SHR_21-60,87890.0079,-3.0,0.411944444444444,1,1,2,2,4,1,1,0,0,1,1,4,2,3,1,5,7,2,0,2,6,7,40,0.1,0.025,0.125,-0.075,0.4951865510800325,0.4426932157693364,0.045,0.0287194444444444,0.0579972222222222,3.707499999999999,TNQSSLSRTSTTTTGSPQTAYHYNFPQNDVVEECFNFFMD
SHR_41-80,126451.312,-7.0,0.341111111111111,0,1,3,4,4,0,6,0,0,1,1,8,2,1,0,5,0,2,0,2,6,7,40,0.175,0.0,0.175,-0.175,0.5127903823555999,0.4559220315148422,0.175,0.0562797619047619,0.1097519841269841,3.0699999999999994,YHYNFPQNDVVEECFNFFMDEEDLSSSSSHHNHHNHNNPN
VP16N,146093.065,-12.0,0.473888888888889,5,0,10,2,1,4,2,0,0,6,2,0,2,0,0,2,2,2,0,0,1,7,40,0.3,0.0,0.3,-0.3,0.1565523306948109,0.0772020964891284,0.3,0.0282539682539682,0.1804761904761904,4.265000000000001,STAPPTDVSLGDELHLDGEDVAMAHADALDDFDLDMLGDG
WAR1_CTERM,95311.7019,-7.0,0.464722222222222,1,0,6,1,2,1,0,2,0,5,1,6,2,0,0,6,2,2,2,1,5,10,40,0.175,0.0,0.175,-0.175,0.1712916930308234,0.2867028428695419,0.175,0.0187996031746031,0.1097519841269841,4.182499999999999,PSPSSSVDNLNDYLTDINSLAWGVNSLNDEFWTDLFMNDI
ZMARF1_21-60,80467.3343,-4.0,0.396666666666667,0,0,5,3,2,4,0,0,2,3,2,2,3,2,2,3,3,3,1,0,3,6,40,0.2,0.1,0.3,-0.1,0.3634225466342254,0.131247128878674,0.0333333333333333,0.0790299823633157,0.2174603174603174,3.569999999999999,QPGVTDDDSSEMDNLFKRTMPWFGEEVGKRDLSTQNGLVP
ZMARF1_491-530,111153.442,-9.0,0.404444444444444,3,0,5,5,3,3,2,1,0,3,1,4,3,2,1,1,1,2,0,0,3,6,40,0.25,0.025,0.275,-0.225,0.1979599292043675,0.2390713473768837,0.184090909090909,0.0320829051700263,0.162067673488128,3.64,QHQPLREAVPDSEFEVTDAGNNFLFGANIDGHMEPLNEDD
ZMARF1_501-540,153540.104,-10.0,0.442222222222222,4,0,6,5,4,4,1,1,1,4,1,4,1,0,0,1,2,1,0,0,4,8,40,0.275,0.025,0.3,-0.25,0.1952899580137007,0.2942172652007381,0.2083333333333333,0.0340950176366842,0.1745866402116402,3.98,DSEFEVTDAGNNFLFGANIDGHMEPLNEDDLLGTAFEADK
ZMARF1_531-570,84617.289,-3.0,0.440277777777778,2,0,2,3,1,3,1,3,2,3,3,2,1,3,0,8,1,0,0,2,3,6,40,0.125,0.05,0.175,-0.075,0.1377961679615349,0.4403351319107401,0.0321428571428571,0.0134982048374905,0.0979577664399092,3.962499999999998,LLGTAFEADKYMEQMPGNGISNYISSKDSQQELSSSMISH
ZMARF1_561-600,86731.6736,-2.0,0.478888888888889,3,0,3,1,3,2,1,5,0,2,1,4,2,2,2,8,0,1,0,0,3,5,40,0.1,0.05,0.15,-0.05,0.3543279986233007,0.2134199955842536,0.0166666666666666,0.0272354497354497,0.0768650793650793,4.309999999999999,QELSSSMISHPFGVADIAFNSIDSSINDIQFLNRNSRAPG
ZMARF10_151-190,91786.647,0.0,0.407222222222222,2,1,2,1,4,1,1,0,1,1,1,3,2,4,2,5,5,2,0,2,6,7,40,0.075,0.075,0.15,0.0,0.245398773006135,0.2303315295913111,0.0,0.019047619047619,0.0776190476190476,3.665,FKNQGSTHRFADPYFYMPQQSSVTVESSTRTQTANNDLCF
ZMARF10_171-210,132088.658,-3.0,0.398055555555555,2,1,3,1,3,3,0,0,0,1,1,5,1,5,1,5,4,2,1,1,5,6,40,0.1,0.025,0.125,-0.075,0.2379219037583902,0.3494558238241992,0.045,0.0137988095238095,0.0579972222222222,3.582499999999999,SSVTVESSTRTQTANNDLCFWGDQNAMYGNPSDQQQGFNF
ZMARF10_181-220,91856.1756,-3.0,0.368888888888889,2,1,3,0,3,4,0,0,0,2,1,7,2,7,0,3,2,0,2,1,6,8,40,0.075,0.0,0.075,-0.075,0.2652296157450797,0.5362627790997209,0.075,0.008422619047619,0.0317559523809523,3.319999999999999,TQTANNDLCFWGDQNAMYGNPSDQQQGFNFGQNPSSWLNQ
ZMARF10_191-230,92857.9637,-2.0,0.3575,1,0,2,1,3,4,0,0,0,1,1,5,5,8,1,3,0,2,2,1,6,7,40,0.075,0.025,0.1,-0.05,0.2192513368983959,0.3603543402605367,0.025,0.0085416666666666,0.0389583333333333,3.2174999999999985,WGDQNAMYGNPSDQQQGFNFGQNPSSWLNQPFPQVEQPRV
ZMARF10_21-60,85134.0,-3.0,0.401666666666667,2,0,1,4,0,2,1,1,2,3,0,2,3,7,0,5,3,4,0,0,0,3,40,0.125,0.05,0.175,-0.075,0.1443002486854395,0.3699307471775103,0.0321428571428571,0.0141353300579491,0.0979577664399092,3.614999999999999,QNVPPPSLESSVLTKEGATKVEIDSAQTQHQNSVLQGQEQ
ZMARF10_211-250,80131.4401,0.0,0.395833333333333,2,0,1,3,2,3,1,0,1,2,0,2,6,4,3,3,2,4,1,0,3,5,40,0.1,0.1,0.2,0.0,0.1698611111111111,0.1024525108717195,0.0,0.0215696649029982,0.126984126984127,3.5625,GQNPSSWLNQPFPQVEQPRVVRPHATVAPFDLEKTREGSG
ZMARF11_91-130,82932.914,-1.0,0.483055555555556,3,1,1,2,3,6,1,1,0,3,0,3,1,2,2,5,2,3,0,1,4,7,40,0.075,0.05,0.125,-0.025,0.3893140559524569,0.3181670672504615,0.005,0.0218623015873015,0.0561559523809523,4.347499999999999,NARGCALGGPTSRLAVHNSDFTYQSVGFNESIGFSEVLQG
ZMARF16_251-290,92809.1584,1.0,0.519166666666667,5,1,1,1,0,2,1,0,1,3,3,1,5,0,2,8,0,5,1,0,1,4,40,0.05,0.075,0.125,0.025,0.4823797106979575,0.197445164608577,0.005,0.027088492063492,0.0561559523809523,4.672499999999999,PSMHGMLGRLPSEAASSLPCVAMNAPVSVSDPWSSKRVAV
ZMARF16_31-70,83638.6271,1.0,0.435,1,0,3,0,2,5,0,0,0,6,3,3,3,2,4,5,1,0,2,0,4,10,40,0.075,0.1,0.175,0.025,0.0577270904241789,0.4607405275581212,0.0035714285714285,0.0058249874023683,0.1009056122448979,3.914999999999999,RGDGLTSSLMWLRDRANPGFQSLNFSGLGMSPWMQPRLDN
ZMARF16_361-400,93776.0826,-4.0,0.425555555555555,2,1,3,2,2,2,0,1,0,5,0,5,4,2,1,7,2,0,0,1,3,8,40,0.125,0.025,0.15,-0.1,0.2460964019008824,0.2267605187318858,0.0666666666666666,0.0191798941798941,0.0779365079365079,3.829999999999999,ALQNDNSSGTIPYSTSNFLSPSENDFPLNQPLRSAGCLDE
ZMARF16_41-80,107552.243,0.0,0.447777777777778,1,0,3,0,2,4,0,0,0,7,3,3,3,3,3,5,0,0,2,1,5,12,40,0.075,0.075,0.15,0.0,0.1022494887525562,0.4435843210160872,0.0,0.0079365079365079,0.0776190476190476,4.029999999999999,WLRDRANPGFQSLNFSGLGMSPWMQPRLDNSLLGLQSDMY
ZMARF16_51-90,81358.0851,-1.0,0.503611111111111,5,0,2,0,1,3,0,1,0,7,3,2,2,5,1,5,1,0,1,1,3,10,40,0.05,0.025,0.075,-0.025,0.3647162340519139,0.8172955874325308,0.0083333333333333,0.0082242063492063,0.0225496031746031,4.532500000000001,QSLNFSGLGMSPWMQPRLDNSLLGLQSDMYQTIAAAAALQ
ZMARF18_41-80,81644.5139,-4.0,0.468611111111111,4,1,4,1,1,2,2,1,0,6,0,2,6,3,1,4,0,2,0,0,1,7,40,0.125,0.025,0.15,-0.1,0.2864901561439239,0.1353072175829775,0.0666666666666666,0.0223280423280423,0.0779365079365079,4.217499999999999,EQLDPAPASIPHSSALAPLPGRGCLVDQDVNSDPQNHLLF
ZMARF18_61-100,84207.3294,-3.0,0.480833333333333,0,1,4,0,1,6,1,2,0,6,1,3,2,5,1,4,0,3,0,0,1,7,40,0.1,0.025,0.125,-0.075,0.3850964400320215,0.4551630103528903,0.045,0.0223345238095238,0.0579972222222222,4.327499999999999,GRGCLVDQDVNSDPQNHLLFGVSIDSQSLLMQGGIPGLQN
ZMARF18_91-130,87956.1493,-3.0,0.439166666666667,2,0,3,0,2,4,1,2,0,4,1,5,4,3,0,6,2,0,0,1,3,7,40,0.075,0.0,0.075,-0.075,0.3502030615432677,0.2808703838015855,0.075,0.0111210317460317,0.0317559523809523,3.952499999999999,MQGGIPGLQNGNDSAAIPYSTSNFLSPSQNDFPLDHTLNS
ZMARF2_181-213,97271.326,0.0,0.429292929292929,1,1,1,3,2,6,0,2,1,1,0,1,0,1,3,8,1,1,0,0,2,3,33,0.1212121212121212,0.1212121212121212,0.2424242424242424,0.0,0.1499990386648978,0.380284192739622,0.0,0.0237231648725901,0.1581554460864805,3.8636363636363633,QKTGNVSDGSGSSICIGSSSRGREASRLGFEFE
ZMARF20_1-40,114875.674,0.0,0.47,3,1,2,3,5,1,0,3,2,2,2,1,6,2,3,2,0,1,1,0,6,8,40,0.125,0.125,0.25,0.0,0.5674429888403688,0.0393286629713715,0.0,0.1031305114638448,0.1817460317460317,4.229999999999999,PIAAPFFICPQPFFGVKRPRQIDDESSEMENLFKRAMPWL
ZMARF20_11-50,112925.92,-2.0,0.411944444444444,2,1,3,5,3,2,0,3,3,2,2,1,3,3,3,2,0,1,1,0,4,6,40,0.2,0.15,0.35,-0.05,0.3996947197418201,0.0242201492546587,0.0071428571428571,0.115456034265558,0.2888605442176871,3.7075,QPFFGVKRPRQIDDESSEMENLFKRAMPWLGEEICIKDAQ
ZMARF20_511-550,109562.409,-5.0,0.415,2,0,4,2,5,3,1,2,1,1,1,5,3,5,0,1,2,2,0,0,5,6,40,0.15,0.025,0.175,-0.125,0.3056038435630869,0.3742049531636069,0.0892857142857142,0.029648683547493,0.097016723356009,3.735,HQGFPTNFNQQQMFKDALPDVEIQEVDPTNNAFFGINSDG
ZMARF20_531-570,94485.905,-5.0,0.506111111111111,2,0,2,4,3,4,0,3,1,3,1,4,4,1,0,2,2,4,0,0,3,6,40,0.15,0.025,0.175,-0.125,0.2716090862610476,0.3244047368524911,0.0892857142857142,0.0263506235827664,0.097016723356009,4.555,VEIQEVDPTNNAFFGINSDGPLGFPMETEGLLVSAINPVK
ZMARF20_91-130,89163.199,1.0,0.465277777777778,5,0,0,1,0,1,1,1,1,7,1,4,2,9,1,2,0,3,0,1,1,8,40,0.025,0.05,0.075,0.025,0.4415603460918024,0.7936430011015065,0.0083333333333333,0.0099570105820105,0.0225496031746031,4.187499999999998,AMQNLGAAELARQLYVQNHLLQQNSVQLNASKLPQQVQPI
ZMARF22_21-60,112938.439,-2.0,0.458888888888889,1,0,4,0,2,7,1,0,1,7,2,3,3,1,1,3,3,0,1,0,3,10,40,0.1,0.05,0.15,-0.05,0.2191820111283196,0.4197557142967461,0.0166666666666666,0.0168474426807759,0.0768650793650793,4.129999999999999,PTGLPSLHGGKDDDLANSLMWLRDTTNPGFQSLNFGGLGM
ZMARF22_311-350,89529.7817,-3.0,0.494722222222222,3,1,4,0,1,3,2,1,0,7,1,2,4,3,1,5,0,2,0,0,1,8,40,0.1,0.025,0.125,-0.075,0.41349134126566,0.3438043136577717,0.045,0.0239813492063492,0.0579972222222222,4.452499999999999,HSSALAPLPGRGCLVDQDANPDPQNHLLFGVSIDSQSLLM
ZMARF22_351-390,85217.0757,-4.0,0.420277777777778,1,0,3,1,2,4,2,2,0,4,0,5,3,2,0,7,3,0,0,1,3,7,40,0.1,0.0,0.1,-0.1,0.2192846034214618,0.4208895529284905,0.1,0.0111904761904761,0.051031746031746,3.782499999999999,EGGIHGLQNGNDSTAIPYSTSNFLSPSQNDFPLDHTLNSS
ZMARF22_41-80,127388.293,-1.0,0.452777777777778,0,0,3,0,2,5,0,0,0,7,3,3,3,3,2,3,3,0,2,1,5,12,40,0.075,0.05,0.125,-0.025,0.1287726215966024,0.5660677003644933,0.005,0.0072313492063492,0.0561559523809523,4.074999999999999,WLRDTTNPGFQSLNFGGLGMNSWMQPRLDTSLLGLQPDMY
ZMARF22_51-90,88929.8279,-2.0,0.474166666666667,3,0,3,0,2,5,0,0,0,6,4,2,2,5,1,3,2,0,1,1,4,10,40,0.075,0.025,0.1,-0.05,0.2014260249554367,0.815514130559794,0.025,0.0078472222222222,0.0389583333333333,4.267500000000001,QSLNFGGLGMNSWMQPRLDTSLLGLQPDMYQAMATGAFQD
ZMARF24_31-70,83565.2889,-1.0,0.428888888888889,5,0,2,2,2,4,2,0,1,3,0,2,2,4,2,3,2,3,0,1,3,6,40,0.1,0.075,0.175,-0.025,0.2650895533801191,0.1983665268641491,0.0035714285714285,0.0267490236835474,0.100905612244898,3.86,VPNGSGRPDFAESAQFHKVLQGQELLGYRTHDNAAVATSQ
ZMARF24_51-90,85582.5436,-4.0,0.400555555555556,5,2,3,3,0,2,1,1,0,2,1,3,1,4,2,4,3,1,0,2,2,4,40,0.15,0.05,0.2,-0.1,0.1129461109238662,0.2508825578552736,0.05,0.0132980599647266,0.1177380952380952,3.605,QGQELLGYRTHDNAAVATSQPCEATNMQYIDERSCSNDAS
ZMARF24_61-100,80956.4121,-3.0,0.444722222222222,5,2,3,2,0,2,1,4,0,0,1,4,3,2,2,4,2,2,0,1,1,1,40,0.125,0.05,0.175,-0.075,0.1501773913267135,0.2598300504463161,0.0321428571428571,0.014711041824137,0.0979577664399092,4.002499999999998,HDNAAVATSQPCEATNMQYIDERSCSNDASNIIPGVPRIG
ZMARF27_1-40,105554.196,0.0,0.440555555555556,4,1,2,3,4,1,0,1,3,1,2,1,9,1,2,1,1,2,0,1,5,6,40,0.125,0.125,0.25,0.0,0.619893255701116,0.0467067328835014,0.0,0.112663139329806,0.1817460317460317,3.965,PVATPFYICPPPFFRPKLPKQAGMPDDENEVESAFKRAMP
ZMARF27_11-50,165660.199,-2.0,0.411944444444444,5,0,5,3,4,1,0,0,4,3,2,1,6,1,2,1,0,1,1,0,5,8,40,0.2,0.15,0.35,-0.05,0.4386092303666634,0.0350345197999306,0.0071428571428571,0.1266969009826152,0.2888605442176871,3.707500000000001,PPFFRPKLPKQAGMPDDENEVESAFKRAMPWLADDFALKD
ZMARF27_461-500,115401.601,-5.0,0.460555555555556,2,2,3,4,4,1,0,1,0,3,0,4,4,1,2,5,1,3,0,0,4,7,40,0.175,0.05,0.225,-0.125,0.1056159552870319,0.1867489884910739,0.0694444444444444,0.0143169459141681,0.1355566578483245,4.144999999999999,SSATSFCLDESPREGFSFPPVCLDNNVQVDPRENFLIAEN
ZMARF29_241-280,153204.215,-2.0,0.418888888888889,1,1,1,4,1,3,1,2,3,3,0,1,4,6,0,6,0,3,0,0,1,4,40,0.125,0.075,0.2,-0.05,0.1578461586249281,0.1631115974040449,0.0125,0.0196051036155202,0.1242038690476191,3.769999999999999,ELQVQQQVEQHELLAPPKIESSKSPDGGKSVSSFPNQGCI
ZMARF29_251-290,101633.478,-2.0,0.447222222222222,1,1,2,3,3,4,1,2,3,3,1,1,5,2,0,6,0,1,1,0,4,7,40,0.125,0.075,0.2,-0.05,0.1485009240954846,0.087749230530143,0.0125,0.0184443893298059,0.1242038690476191,4.024999999999999,HELLAPPKIESSKSPDGGKSVSSFPNQGCIPQFFEGLDWM
ZMARF29_261-300,126424.367,-2.0,0.419444444444444,0,1,3,1,3,4,0,2,2,1,1,2,5,3,0,8,0,1,1,2,6,7,40,0.1,0.05,0.15,-0.05,0.2462570986060918,0.0873712090681952,0.0166666666666666,0.0189285714285714,0.0768650793650793,3.775,SSKSPDGGKSVSSFPNQGCIPQFFEGLDWMIPPSYYQDSN
ZMARF29_271-310,131123.624,-4.0,0.458888888888889,1,1,3,1,3,3,0,3,0,1,1,3,4,4,0,6,1,2,1,2,6,7,40,0.1,0.0,0.1,-0.1,0.2550544323483668,0.2577207776361814,0.1,0.013015873015873,0.051031746031746,4.13,VSSFPNQGCIPQFFEGLDWMIPPSYYQDSNGIQSVTASDN
ZMARF29_281-320,84918.0056,-5.0,0.448333333333333,1,0,3,2,3,3,0,4,0,1,1,3,5,3,0,6,1,1,1,2,6,7,40,0.125,0.0,0.125,-0.125,0.1566967383761277,0.2237956445128633,0.125,0.0112003968253968,0.0714781746031746,4.034999999999999,PQFFEGLDWMIPPSYYQDSNGIQSVTASDNIFNPSEGIPS
ZMARF29_291-330,136434.262,-5.0,0.461666666666667,4,0,4,1,2,2,0,4,0,1,1,4,4,2,0,6,2,1,0,2,4,5,40,0.125,0.0,0.125,-0.125,0.1633587786259542,0.2421923469570089,0.125,0.0116765873015873,0.0714781746031746,4.154999999999999,IPPSYYQDSNGIQSVTASDNIFNPSEGIPSTMNADALDAF
ZMARF29_301-340,131757.874,-5.0,0.500833333333333,4,2,3,2,3,2,0,3,0,2,1,3,3,2,0,6,3,1,0,0,3,5,40,0.125,0.0,0.125,-0.125,0.1586398334489938,0.3025909585655797,0.125,0.0113392857142857,0.0714781746031746,4.5075,GIQSVTASDNIFNPSEGIPSTMNADALDAFQTSCLSECFP
ZMARF29_311-350,157910.363,-5.0,0.509444444444444,3,2,2,3,4,2,0,4,0,2,1,2,4,2,0,7,2,0,0,0,4,6,40,0.125,0.0,0.125,-0.125,0.1511450381679389,0.1804898382414894,0.125,0.0108035714285714,0.0714781746031746,4.584999999999998,IFNPSEGIPSTMNADALDAFQTSCLSECFPSSIQEFIGSP
ZMARF29_321-360,121000.883,-5.0,0.523611111111111,4,2,3,2,4,1,0,3,0,3,2,2,3,2,0,6,3,0,0,0,4,7,40,0.125,0.0,0.125,-0.125,0.1539208882720333,0.2886193820279122,0.125,0.0110019841269841,0.0714781746031746,4.7125,TMNADALDAFQTSCLSECFPSSIQEFIGSPDINTLAFMSP
ZMARF29_331-370,82617.6325,-5.0,0.485,2,2,2,3,3,2,0,3,0,3,2,2,3,4,0,7,2,0,0,0,3,6,40,0.125,0.0,0.125,-0.125,0.1006245662734212,0.2400732858963384,0.125,0.0071924603174603,0.0714781746031746,4.365,QTSCLSECFPSSIQEFIGSPDINTLAFMSPEMQQLDAGSN
ZMARF29_341-380,98999.0346,-4.0,0.469166666666667,2,0,2,2,2,2,0,3,0,3,2,3,3,4,0,8,2,1,0,1,3,6,40,0.1,0.0,0.1,-0.1,0.1757387247278382,0.3469025743404927,0.1,0.0089682539682539,0.051031746031746,4.222499999999999,SSIQEFIGSPDINTLAFMSPEMQQLDAGSNLPSTSNSYVQ
ZMARF29_391-430,91352.2453,-1.0,0.503055555555556,4,2,1,2,2,3,2,3,1,4,1,2,2,1,1,8,1,0,0,0,2,6,40,0.075,0.05,0.125,-0.025,0.2911605294213252,0.4131406590321339,0.005,0.0163503968253968,0.0561559523809523,4.527500000000001,SLSGLHMEAIHINSSSCSQPLATGSFDAGAFPKLSNIREC
ZMARF30_11-50,100135.701,0.0,0.4975,4,0,2,1,2,5,2,0,1,6,1,2,2,1,2,3,0,3,2,1,5,11,40,0.075,0.075,0.15,0.0,0.5756646216768914,0.3893681221844775,0.0,0.0446825396825396,0.0776190476190476,4.477500000000001,LFPLRVKHPWYSGVAALHDDSNALMWLRGVAGEGGFQSLN
ZMARF30_291-330,114808.482,-2.0,0.478333333333333,1,0,2,0,0,1,0,2,0,4,2,5,4,2,0,9,3,3,0,2,2,6,40,0.05,0.0,0.05,-0.05,0.4503816793893128,0.4271326966480621,0.05,0.0070238095238095,0.0155952380952381,4.304999999999999,SPQVDSSSLLYNMVPNLTSNVADNNISTIPSGSTYLQSPM
ZMARF30_321-351,117238.598,-4.0,0.418996415770609,0,1,3,1,0,4,0,0,0,4,1,2,2,2,0,5,4,0,0,2,2,6,31,0.1290322580645161,0.0,0.1290322580645161,-0.1290322580645161,0.4142362424016471,0.4757141241887465,0.1290322580645161,0.0261043369472089,0.0630179937802206,3.770967741935484,SGSTYLQSPMYGCLDDSSGLLQNTGENDPTT
ZMARF31_1-40,95452.4622,-2.0,0.52,2,2,1,3,0,3,0,3,0,5,4,0,5,2,2,4,1,1,0,2,2,7,40,0.1,0.05,0.15,-0.05,0.3402168301497161,0.2375329632851726,0.0166666666666666,0.0261507936507936,0.0768650793650793,4.68,RIAYPSICGGLGDLCYPLPLMESESQVMAMILEQMPPRTS
ZMARF34_201-240,85893.0687,-2.0,0.487777777777778,3,1,2,0,2,6,0,2,0,2,1,3,1,4,0,10,0,2,0,1,3,5,40,0.05,0.0,0.05,-0.05,0.3384223918575063,0.6844889064741321,0.05,0.0052777777777777,0.0155952380952381,4.389999999999999,IANVASGVSMSGSACQSQSSLLSGSSFYQQNIFDGNGGPD
ZMARF34_291-330,80468.5756,1.0,0.443611111111111,3,2,1,1,0,3,3,0,2,4,0,1,2,4,1,7,3,3,0,0,0,4,40,0.05,0.075,0.125,0.025,0.0617666064444806,0.7193439792879869,0.005,0.0034685626102292,0.0561559523809523,3.9924999999999993,LQHKLEKVSHQSTVSHCSGTLPPLSARDGSSAQACGTNVQ
ZMARF34_361-400,103052.413,-4.0,0.5025,3,2,3,2,1,3,0,2,0,5,0,4,2,0,1,7,2,2,0,1,2,7,40,0.125,0.025,0.15,-0.1,0.2562797012898846,0.3455980043925057,0.0666666666666666,0.0199735449735449,0.0779365079365079,4.5225,IASLRYSDANLLPENSIATSSCLGESGTFNSLDDVCGVNP
ZMARF35_1-40,93157.6384,0.0,0.461388888888889,3,1,2,3,4,1,0,1,2,4,2,1,7,1,3,3,0,1,1,0,5,9,40,0.125,0.125,0.25,0.0,0.5674429888403688,0.0325978894150804,0.0,0.1031305114638448,0.1817460317460317,4.1525,PVAAPFFICPPPFFGSKRPRQLDDESSEMENLLKRAMPWL
ZMARF35_11-50,81727.9674,-2.0,0.394722222222222,1,1,3,5,2,2,0,2,3,4,2,1,5,2,3,3,0,0,1,0,3,7,40,0.2,0.15,0.35,-0.05,0.3996947197418201,0.022003088834164,0.0071428571428571,0.115456034265558,0.2888605442176871,3.552499999999999,PPFFGSKRPRQLDDESSEMENLLKRAMPWLGEEICIKDPQ
ZMARF35_481-520,80779.6497,-2.0,0.456111111111111,6,0,2,1,0,2,1,0,1,5,0,4,4,2,0,4,4,2,1,1,2,7,40,0.075,0.025,0.1,-0.05,0.4158390628978863,0.6167635677681504,0.025,0.0162003968253968,0.0389583333333333,4.104999999999999,KLPNAGHVAQNLTNNAPPTDYPETASSATSVWLSQADGLL
ZMARF35_491-530,88095.4559,-3.0,0.443333333333333,4,0,2,1,2,1,2,0,0,4,1,5,4,1,0,6,4,1,1,1,4,8,40,0.075,0.0,0.075,-0.075,0.410184317400812,0.5302803537053303,0.075,0.0130257936507936,0.0317559523809523,3.99,NLTNNAPPTDYPETASSATSVWLSQADGLLHHSFPMSNFN
ZMARF35_531-570,90570.8917,-3.0,0.441666666666667,5,0,3,1,3,6,0,2,1,2,2,3,3,6,0,1,2,0,0,0,3,5,40,0.1,0.025,0.125,-0.075,0.3806490458628973,0.3226593639001113,0.045,0.0220765873015873,0.0579972222222222,3.975,QQQQMFKAAAPETDIQGADPSNNTLFGINGDGQLGFPMGA
ZMARF35_541-580,111447.971,-7.0,0.456944444444444,3,0,6,1,3,7,0,3,0,3,1,4,3,2,0,2,2,0,0,0,3,6,40,0.175,0.0,0.175,-0.175,0.1640603814516857,0.285056414176259,0.175,0.0180059523809523,0.1097519841269841,4.1125,PETDIQGADPSNNTLFGINGDGQLGFPMGADDFLSNGIDA
ZMARF35_91-130,140301.747,1.0,0.441111111111111,2,0,1,0,1,1,0,2,1,7,2,5,2,10,1,4,0,1,0,0,1,8,40,0.025,0.05,0.075,0.025,0.4415603460918024,0.8797962705935755,0.0083333333333333,0.0099570105820105,0.0225496031746031,3.9699999999999984,NMQNLGVADLSRQLNLQNQILQQNSIQFSSPKLPQQMQLA
ZMARF36_1-40,81431.3708,4.0,0.400277777777778,4,0,1,1,2,1,0,1,2,3,0,2,11,2,4,3,1,1,1,0,3,6,40,0.05,0.15,0.2,0.1,0.3987192450286486,0.0616276503414822,0.05,0.0469444444444444,0.1177380952380951,3.6025,PLDRTNPQPPQPPLRNKRARPPASPSIAPELAPVFGFWKS
ZMARF36_21-60,81497.6834,-1.0,0.482777777777778,6,0,0,3,4,2,0,1,1,3,0,0,7,3,1,5,1,1,1,1,6,9,40,0.075,0.05,0.125,-0.025,0.2731409835138822,0.2315636466207318,0.005,0.015338492063492,0.0561559523809523,4.345000000000001,PPASPSIAPELAPVFGFWKSPAEPAQAFSFSGLQRTQELY
ZMARF38_51-90,82479.2087,-2.0,0.474166666666667,6,2,2,0,3,2,7,2,0,1,0,1,8,0,0,3,1,1,1,0,4,5,40,0.05,0.0,0.05,-0.05,0.4605597964376589,0.3372102756186113,0.05,0.0071825396825396,0.0155952380952381,4.267499999999999,PLPHPHHHPAPTHDWNCHGFVHCSSFPFPDSIAPAAAAGI
ZMARF4_231-270,127087.093,-1.0,0.432777777777778,0,1,2,2,4,4,0,0,3,3,0,1,5,5,0,7,0,3,0,0,4,7,40,0.1,0.075,0.175,-0.025,0.2154821150734013,0.2044485187906471,0.0035714285714285,0.0217433547493071,0.100905612244898,3.894999999999999,VQQVEQDGLLPPPKLESSKSPDGGKSVSSFPNQGCFSQFF
ZMARF4_241-280,142995.598,-1.0,0.432222222222222,0,1,2,2,4,4,0,1,3,2,1,1,7,2,0,8,0,1,1,0,5,7,40,0.1,0.075,0.175,-0.025,0.1875322843173514,0.2171577746741266,0.0035714285714285,0.0189230599647266,0.100905612244898,3.8899999999999992,PPPKLESSKSPDGGKSVSSFPNQGCFSQFFEGLDWMIPPS
ZMARF4_251-290,153325.815,-3.0,0.445277777777778,0,2,3,1,4,5,1,2,1,1,1,2,4,3,0,7,0,1,1,1,6,7,40,0.1,0.025,0.125,-0.075,0.2752115933302772,0.2590884057636016,0.045,0.0159615079365079,0.0579972222222222,4.007499999999999,PDGGKSVSSFPNQGCFSQFFEGLDWMIPPSCYQDSNGIHS
ZMARF4_261-300,112208.907,-4.0,0.459444444444444,0,2,3,1,4,3,1,3,0,1,1,3,4,3,0,6,2,1,1,1,6,7,40,0.1,0.0,0.1,-0.1,0.248833592534992,0.3772751745962886,0.1,0.0126984126984126,0.051031746031746,4.134999999999999,PNQGCFSQFFEGLDWMIPPSCYQDSNGIHSVTTSDSIFNP
ZMARF4_291-330,98247.044,-5.0,0.486666666666667,2,2,3,2,3,2,0,3,0,1,2,3,4,1,0,7,4,1,0,0,3,4,40,0.125,0.0,0.125,-0.125,0.1539208882720333,0.1915965278870068,0.125,0.0110019841269841,0.0714781746031746,4.38,VTTSDSIFNPSEGIPPSTMNADGMDAFQTSCLSECFPNSI
ZMARF4_311-350,92216.8384,-6.0,0.488888888888889,2,2,3,3,4,1,0,3,0,2,3,2,3,3,0,6,3,0,0,0,4,6,40,0.15,0.0,0.15,-0.15,0.1147826086956522,0.2768300474170331,0.15,0.0104761904761904,0.0912698412698412,4.4,ADGMDAFQTSCLSECFPNSIQEFISSPDINTLTFMSPEMQ
ZMARF9_41-80,87480.4991,1.0,0.470555555555555,2,0,3,0,1,5,0,1,1,9,1,2,3,3,3,2,1,0,2,1,4,13,40,0.075,0.1,0.175,0.025,0.0884016785504166,0.32177184359683,0.0035714285714285,0.0089202254976064,0.1009056122448979,4.234999999999999,LMWLRDGNRGAQSLNFQGLGASPWLQPRIDYPLLGLKLDT
